midi,mvt,doremus,filename,genre,instrument,composer,id
http://purl.org/midi-ld/pattern/cbac9e6462f74059d53bcd446e919dc3,Choral,http://data.doremus.org/expression/23d9eec8-6240-3852-8d40-a9fd978200b5,./bach-bg-cant-0001/midi1/01.mid,cantata,O+V,Bach,bach-bg-cant-0001-midi1-01
http://purl.org/midi-ld/pattern/c089cc3b07e12438cdb8bbf697981484,Recitativo,http://data.doremus.org/expression/23d9eec8-6240-3852-8d40-a9fd978200b5,./bach-bg-cant-0001/midi1/02.mid,cantata,O+V,Bach,bach-bg-cant-0001-midi1-02
http://purl.org/midi-ld/pattern/8eef41ee2e10dd50461cf80dde836d7d,Aria,http://data.doremus.org/expression/23d9eec8-6240-3852-8d40-a9fd978200b5,./bach-bg-cant-0001/midi1/03.mid,cantata,O+V,Bach,bach-bg-cant-0001-midi1-03
http://purl.org/midi-ld/pattern/f968ebb5dc02c6a0ed0d60648807d101,Recitativo,http://data.doremus.org/expression/23d9eec8-6240-3852-8d40-a9fd978200b5,./bach-bg-cant-0001/midi1/04.mid,cantata,O+V,Bach,bach-bg-cant-0001-midi1-04
http://purl.org/midi-ld/pattern/b54056670ff1618d6b1c07498a2b3608,Choral,http://data.doremus.org/expression/23d9eec8-6240-3852-8d40-a9fd978200b5,./bach-bg-cant-0001/midi1/06.mid,cantata,O+V,Bach,bach-bg-cant-0001-midi1-06
http://purl.org/midi-ld/pattern/6724be3c3b1a255035f27b3de0d45693,Aria,http://data.doremus.org/expression/23d9eec8-6240-3852-8d40-a9fd978200b5,./bach-bg-cant-0001/midi1/05.mid,cantata,O+V,Bach,bach-bg-cant-0001-midi1-05
http://purl.org/midi-ld/pattern/6ea6a71355d7e110c581b3ab28b0bd38,Choral,http://data.doremus.org/expression/2ead9189-1ae4-3699-b008-204b324d1523,./bach-bg-cant-0002/midi1/01.mid,cantata,O+V,Bach,bach-bg-cant-0002-midi1-01
http://purl.org/midi-ld/pattern/96d1ddb5865452ec10254a215ef91772,Recitativo,http://data.doremus.org/expression/2ead9189-1ae4-3699-b008-204b324d1523,./bach-bg-cant-0002/midi1/02.mid,cantata,O+V,Bach,bach-bg-cant-0002-midi1-02
http://purl.org/midi-ld/pattern/e8afa9497c4f26f4ff50739460f956ca,Aria,http://data.doremus.org/expression/2ead9189-1ae4-3699-b008-204b324d1523,./bach-bg-cant-0002/midi1/03.mid,cantata,O+V,Bach,bach-bg-cant-0002-midi1-03
http://purl.org/midi-ld/pattern/bd90d7d8ca438dd99d76451bce5a4de3,Aria,http://data.doremus.org/expression/2ead9189-1ae4-3699-b008-204b324d1523,./bach-bg-cant-0002/midi1/05.mid,cantata,O+V,Bach,bach-bg-cant-0002-midi1-05
http://purl.org/midi-ld/pattern/a68b15362253cd98cb4f110b9e955d79,Choral,http://data.doremus.org/expression/2ead9189-1ae4-3699-b008-204b324d1523,./bach-bg-cant-0002/midi1/06.mid,cantata,O+V,Bach,bach-bg-cant-0002-midi1-06
http://purl.org/midi-ld/pattern/31b705cae788801866da4534be58a072,Recitativo,http://data.doremus.org/expression/2ead9189-1ae4-3699-b008-204b324d1523,./bach-bg-cant-0002/midi1/04.mid,cantata,O+V,Bach,bach-bg-cant-0002-midi1-04
http://purl.org/midi-ld/pattern/a0291670f359ec2035b2cc8e56a6e78e,Choral,http://data.doremus.org/expression/5fc3d35f-1796-3847-b12f-ff377ec824a6,./bach-bg-cant-0003/midi1/01.mid,cantata,O,Bach,bach-bg-cant-0003-midi1-01
http://purl.org/midi-ld/pattern/f10017b5f29e9d59867f7b462f05b7e4,Recitativo,http://data.doremus.org/expression/5fc3d35f-1796-3847-b12f-ff377ec824a6,./bach-bg-cant-0003/midi1/02.mid,cantata,O,Bach,bach-bg-cant-0003-midi1-02
http://purl.org/midi-ld/pattern/2dedd009aad7aaa9005a5f7afb4c108f,Aria,http://data.doremus.org/expression/5fc3d35f-1796-3847-b12f-ff377ec824a6,./bach-bg-cant-0003/midi1/03.mid,cantata,O,Bach,bach-bg-cant-0003-midi1-03
http://purl.org/midi-ld/pattern/551040bd6f01cdf88d39e23eb8c19ff1,Recitativo,http://data.doremus.org/expression/5fc3d35f-1796-3847-b12f-ff377ec824a6,./bach-bg-cant-0003/midi1/04.mid,cantata,O,Bach,bach-bg-cant-0003-midi1-04
http://purl.org/midi-ld/pattern/a4fbffd34c17c1165f97eccb6417c1d9,Aria,http://data.doremus.org/expression/5fc3d35f-1796-3847-b12f-ff377ec824a6,./bach-bg-cant-0003/midi1/05.mid,cantata,O,Bach,bach-bg-cant-0003-midi1-05
http://purl.org/midi-ld/pattern/3813b5200f96513df11aeca85380ec17,Choral,http://data.doremus.org/expression/5fc3d35f-1796-3847-b12f-ff377ec824a6,./bach-bg-cant-0003/midi1/06.mid,cantata,O,Bach,bach-bg-cant-0003-midi1-06
http://purl.org/midi-ld/pattern/04985cc3e778b3e82388a6f93061c244,Versus,http://data.doremus.org/expression/989ecc32-931a-3617-b8f3-d1331d8ac1c3,./bach-bg-cant-0004/midi1/07a.mid,cantata,O,Bach,bach-bg-cant-0004-midi1-07a
http://purl.org/midi-ld/pattern/a69238966c8351b372981495fa7cf9b5,Sinfonia,http://data.doremus.org/expression/989ecc32-931a-3617-b8f3-d1331d8ac1c3,./bach-bg-cant-0004/midi1/01.mid,cantata,O,Bach,bach-bg-cant-0004-midi1-01
http://purl.org/midi-ld/pattern/7154dbaa04d95b401d646fe80307777c,Versus,http://data.doremus.org/expression/989ecc32-931a-3617-b8f3-d1331d8ac1c3,./bach-bg-cant-0004/midi1/02.mid,cantata,O,Bach,bach-bg-cant-0004-midi1-02
http://purl.org/midi-ld/pattern/7da49da206214ba5b6ee3c27b1f1523c,Versus,http://data.doremus.org/expression/989ecc32-931a-3617-b8f3-d1331d8ac1c3,./bach-bg-cant-0004/midi1/03.mid,cantata,O,Bach,bach-bg-cant-0004-midi1-03
http://purl.org/midi-ld/pattern/d1888df68cfa0fd4eed85ae21973eb1e,Versus,http://data.doremus.org/expression/989ecc32-931a-3617-b8f3-d1331d8ac1c3,./bach-bg-cant-0004/midi1/04.mid,cantata,O,Bach,bach-bg-cant-0004-midi1-04
http://purl.org/midi-ld/pattern/4962e492730dfbab2c4d4e84ba00527a,Versus,http://data.doremus.org/expression/989ecc32-931a-3617-b8f3-d1331d8ac1c3,./bach-bg-cant-0004/midi1/05.mid,cantata,O,Bach,bach-bg-cant-0004-midi1-05
http://purl.org/midi-ld/pattern/e07757db210cdd34860395fda4280f7d,Versus,http://data.doremus.org/expression/989ecc32-931a-3617-b8f3-d1331d8ac1c3,./bach-bg-cant-0004/midi1/06.mid,cantata,O,Bach,bach-bg-cant-0004-midi1-06
http://purl.org/midi-ld/pattern/bf798564722226f1802cad80733d82f7,Versus,http://data.doremus.org/expression/989ecc32-931a-3617-b8f3-d1331d8ac1c3,./bach-bg-cant-0004/midi1/07.mid,cantata,O,Bach,bach-bg-cant-0004-midi1-07
http://purl.org/midi-ld/pattern/20563d035b8474d27eb7e3d06d36df7a,Versus,http://data.doremus.org/expression/989ecc32-931a-3617-b8f3-d1331d8ac1c3,./bach-bg-cant-0004/midi1/08.mid,cantata,O,Bach,bach-bg-cant-0004-midi1-08
http://purl.org/midi-ld/pattern/6829426dca8fca7fea7748af730ff129,Choral,http://data.doremus.org/expression/8d925281-1f6f-3399-8de8-1005f5bd2124,./bach-bg-cant-0005/midi1/01.mid,cantata,O,Bach,bach-bg-cant-0005-midi1-01
http://purl.org/midi-ld/pattern/95591a643625779f7ef05f4c62ef47b8,Recitativo,http://data.doremus.org/expression/8d925281-1f6f-3399-8de8-1005f5bd2124,./bach-bg-cant-0005/midi1/02.mid,cantata,O,Bach,bach-bg-cant-0005-midi1-02
http://purl.org/midi-ld/pattern/c62fc0910ad8c271bdbedffffa1063f6,Aria,http://data.doremus.org/expression/8d925281-1f6f-3399-8de8-1005f5bd2124,./bach-bg-cant-0005/midi1/03.mid,cantata,O,Bach,bach-bg-cant-0005-midi1-03
http://purl.org/midi-ld/pattern/c2f67eb772d71f87567d8c911c92c9fe,Recitativo,http://data.doremus.org/expression/8d925281-1f6f-3399-8de8-1005f5bd2124,./bach-bg-cant-0005/midi1/04.mid,cantata,O,Bach,bach-bg-cant-0005-midi1-04
http://purl.org/midi-ld/pattern/32e0a42464c746d48fcc0fcfd6101dab,Aria,http://data.doremus.org/expression/8d925281-1f6f-3399-8de8-1005f5bd2124,./bach-bg-cant-0005/midi1/05.mid,cantata,O,Bach,bach-bg-cant-0005-midi1-05
http://purl.org/midi-ld/pattern/5a4d79f297b0f9279937a96070dc7da7,Recitativo,http://data.doremus.org/expression/8d925281-1f6f-3399-8de8-1005f5bd2124,./bach-bg-cant-0005/midi1/06.mid,cantata,O,Bach,bach-bg-cant-0005-midi1-06
http://purl.org/midi-ld/pattern/e034f16a889e726fb8e6e4882d36cab9,Choral,http://data.doremus.org/expression/8d925281-1f6f-3399-8de8-1005f5bd2124,./bach-bg-cant-0005/midi1/07.mid,cantata,O,Bach,bach-bg-cant-0005-midi1-07
http://purl.org/midi-ld/pattern/b183bedf3ca3d1f9fdcbfbbf85fbb8e9,Choral,http://data.doremus.org/expression/be393982-ce83-3caa-b262-be57aac2e7c9,./bach-bg-cant-0006/midi1/01.mid,cantata,O,Bach,bach-bg-cant-0006-midi1-01
http://purl.org/midi-ld/pattern/678b0e9c62128b577e9d53f5f76840a7,Aria,http://data.doremus.org/expression/be393982-ce83-3caa-b262-be57aac2e7c9,./bach-bg-cant-0006/midi1/02.mid,cantata,O,Bach,bach-bg-cant-0006-midi1-02
http://purl.org/midi-ld/pattern/b44c1a4acb0f4afbc483085b8dc938c3,Choral,http://data.doremus.org/expression/be393982-ce83-3caa-b262-be57aac2e7c9,./bach-bg-cant-0006/midi1/03.mid,cantata,O,Bach,bach-bg-cant-0006-midi1-03
http://purl.org/midi-ld/pattern/fc5f68de3f47c895b6f449f32a969fa4,Recitativo,http://data.doremus.org/expression/be393982-ce83-3caa-b262-be57aac2e7c9,./bach-bg-cant-0006/midi1/04.mid,cantata,O,Bach,bach-bg-cant-0006-midi1-04
http://purl.org/midi-ld/pattern/2b75f65000c650dd8343245a4052537d,Aria,http://data.doremus.org/expression/be393982-ce83-3caa-b262-be57aac2e7c9,./bach-bg-cant-0006/midi1/05.mid,cantata,O,Bach,bach-bg-cant-0006-midi1-05
http://purl.org/midi-ld/pattern/0955b9e32e8b9bf7d279073dfe3b2a01,Choral,http://data.doremus.org/expression/be393982-ce83-3caa-b262-be57aac2e7c9,./bach-bg-cant-0006/midi1/06.mid,cantata,O,Bach,bach-bg-cant-0006-midi1-06
http://purl.org/midi-ld/pattern/7db9384cc42a7bb990961483ce2c3d99,Aria,http://data.doremus.org/expression/3b70a347-f5f4-39f8-8df6-00f7a9101cc5,./bach-bg-cant-0007/midi1/04a.mid,cantata,O+V,Bach,bach-bg-cant-0007-midi1-04a
http://purl.org/midi-ld/pattern/4fd613d92d296cbfbbeb4ff4be3e350b,Choral,http://data.doremus.org/expression/3b70a347-f5f4-39f8-8df6-00f7a9101cc5,./bach-bg-cant-0007/midi1/01.mid,cantata,O+V,Bach,bach-bg-cant-0007-midi1-01
http://purl.org/midi-ld/pattern/f76dd8a81f4eeb724b3b1316ad7ee1da,Aria,http://data.doremus.org/expression/3b70a347-f5f4-39f8-8df6-00f7a9101cc5,./bach-bg-cant-0007/midi1/02.mid,cantata,O+V,Bach,bach-bg-cant-0007-midi1-02
http://purl.org/midi-ld/pattern/c62d70d6c07d2a360c799aed27a0315f,Recitativo,http://data.doremus.org/expression/3b70a347-f5f4-39f8-8df6-00f7a9101cc5,./bach-bg-cant-0007/midi1/03.mid,cantata,O+V,Bach,bach-bg-cant-0007-midi1-03
http://purl.org/midi-ld/pattern/9f68408d5f34be9e06e52acd79f7f6e1,Aria,http://data.doremus.org/expression/3b70a347-f5f4-39f8-8df6-00f7a9101cc5,./bach-bg-cant-0007/midi1/04.mid,cantata,O+V,Bach,bach-bg-cant-0007-midi1-04
http://purl.org/midi-ld/pattern/2e3bd7b556394d3ff39c6abca941ca0e,Recitativo,http://data.doremus.org/expression/3b70a347-f5f4-39f8-8df6-00f7a9101cc5,./bach-bg-cant-0007/midi1/05.mid,cantata,O+V,Bach,bach-bg-cant-0007-midi1-05
http://purl.org/midi-ld/pattern/54f7951fc5eb209a0766e54d1c819544,Aria,http://data.doremus.org/expression/3b70a347-f5f4-39f8-8df6-00f7a9101cc5,./bach-bg-cant-0007/midi1/06.mid,cantata,O+V,Bach,bach-bg-cant-0007-midi1-06
http://purl.org/midi-ld/pattern/f6e5adabe0cf08f8b38366c7ac4a9e22,Choral,http://data.doremus.org/expression/3b70a347-f5f4-39f8-8df6-00f7a9101cc5,./bach-bg-cant-0007/midi1/07.mid,cantata,O+V,Bach,bach-bg-cant-0007-midi1-07
http://purl.org/midi-ld/pattern/b3f44c453014a616bd310ef85e5280d3,Choral,http://data.doremus.org/expression/b2361754-0cb2-34e7-9fde-cf6a9afe55c9,./bach-bg-cant-0008/midi1/06.mid,cantata,O,Bach,bach-bg-cant-0008-midi1-06
http://purl.org/midi-ld/pattern/b70f9268dce8b53fb9978b0cb4e96453,Aria,http://data.doremus.org/expression/b2361754-0cb2-34e7-9fde-cf6a9afe55c9,./bach-bg-cant-0008/midi1/02.mid,cantata,O,Bach,bach-bg-cant-0008-midi1-02
http://purl.org/midi-ld/pattern/d344e83ff03500a03f4f347d0598c736,Recitativo,http://data.doremus.org/expression/b2361754-0cb2-34e7-9fde-cf6a9afe55c9,./bach-bg-cant-0008/midi1/03.mid,cantata,O,Bach,bach-bg-cant-0008-midi1-03
http://purl.org/midi-ld/pattern/ff160ea2ea8706c0b259267926281a2a,Aria,http://data.doremus.org/expression/b2361754-0cb2-34e7-9fde-cf6a9afe55c9,./bach-bg-cant-0008/midi1/04.mid,cantata,O,Bach,bach-bg-cant-0008-midi1-04
http://purl.org/midi-ld/pattern/93b65383d5ceeacd36b12ee0b189c119,Recitativo,http://data.doremus.org/expression/b2361754-0cb2-34e7-9fde-cf6a9afe55c9,./bach-bg-cant-0008/midi1/05.mid,cantata,O,Bach,bach-bg-cant-0008-midi1-05
http://purl.org/midi-ld/pattern/9846bdcebb9ce77f40b4a2a7add951b3,Choral,http://data.doremus.org/expression/b2361754-0cb2-34e7-9fde-cf6a9afe55c9,./bach-bg-cant-0008/midi1/01.mid,cantata,O,Bach,bach-bg-cant-0008-midi1-01
http://purl.org/midi-ld/pattern/3460cec41687c31f30668974ea8da434,Aria,http://data.doremus.org/expression/021d9752-7f2b-3afa-8ee5-a7ce37f3ad41,./bach-bg-cant-0009/midi1/03.mid,cantata,O,Bach,bach-bg-cant-0009-midi1-03
http://purl.org/midi-ld/pattern/393b4bac9c9d235c4934b15d4111b5b5,Recitativo,http://data.doremus.org/expression/021d9752-7f2b-3afa-8ee5-a7ce37f3ad41,./bach-bg-cant-0009/midi1/04.mid,cantata,O,Bach,bach-bg-cant-0009-midi1-04
http://purl.org/midi-ld/pattern/be45aeb482383892ad24ba02d7d19798,Choral,http://data.doremus.org/expression/021d9752-7f2b-3afa-8ee5-a7ce37f3ad41,./bach-bg-cant-0009/midi1/01.mid,cantata,O,Bach,bach-bg-cant-0009-midi1-01
http://purl.org/midi-ld/pattern/cb9d0d4d4d05fa37b2dd37c06e241072,Recitativo,http://data.doremus.org/expression/021d9752-7f2b-3afa-8ee5-a7ce37f3ad41,./bach-bg-cant-0009/midi1/02.mid,cantata,O,Bach,bach-bg-cant-0009-midi1-02
http://purl.org/midi-ld/pattern/cb0d3bb3d7bfe4766cf22e075ab2a939,Duetto,http://data.doremus.org/expression/021d9752-7f2b-3afa-8ee5-a7ce37f3ad41,./bach-bg-cant-0009/midi1/05.mid,cantata,O,Bach,bach-bg-cant-0009-midi1-05
http://purl.org/midi-ld/pattern/becca7112ba25f46270ac354bfc608c5,Recitativo,http://data.doremus.org/expression/021d9752-7f2b-3afa-8ee5-a7ce37f3ad41,./bach-bg-cant-0009/midi1/06.mid,cantata,O,Bach,bach-bg-cant-0009-midi1-06
http://purl.org/midi-ld/pattern/f2bb4a3045c262e2e581054582a7f307,Choral,http://data.doremus.org/expression/021d9752-7f2b-3afa-8ee5-a7ce37f3ad41,./bach-bg-cant-0009/midi1/07.mid,cantata,O,Bach,bach-bg-cant-0009-midi1-07
http://purl.org/midi-ld/pattern/0fecba53f7a4f5eb3f4a3c7c5cadef53,Choral,http://data.doremus.org/expression/3ab5babd-8426-3a76-aa60-94eefb9738d1,./bach-bg-cant-0010/midi1/07.mid,cantata,O,Bach,bach-bg-cant-0010-midi1-07
http://purl.org/midi-ld/pattern/1902151b2facb69bffc1df451e5dd373,Choral,http://data.doremus.org/expression/3ab5babd-8426-3a76-aa60-94eefb9738d1,./bach-bg-cant-0010/midi1/01.mid,cantata,O,Bach,bach-bg-cant-0010-midi1-01
http://purl.org/midi-ld/pattern/7eaf67eb02c0849f3071ca4b0f6d24dc,Aria,http://data.doremus.org/expression/3ab5babd-8426-3a76-aa60-94eefb9738d1,./bach-bg-cant-0010/midi1/02.mid,cantata,O,Bach,bach-bg-cant-0010-midi1-02
http://purl.org/midi-ld/pattern/52d57cd69c2733660d57882301ef013b,Recitativo,http://data.doremus.org/expression/3ab5babd-8426-3a76-aa60-94eefb9738d1,./bach-bg-cant-0010/midi1/03.mid,cantata,O,Bach,bach-bg-cant-0010-midi1-03
http://purl.org/midi-ld/pattern/e45d20ad03d1b9c17ccf7b52c5218d4e,Aria,http://data.doremus.org/expression/3ab5babd-8426-3a76-aa60-94eefb9738d1,./bach-bg-cant-0010/midi1/04.mid,cantata,O,Bach,bach-bg-cant-0010-midi1-04
http://purl.org/midi-ld/pattern/24df6c78ef49da362f9104654bf46681,Duetto,http://data.doremus.org/expression/3ab5babd-8426-3a76-aa60-94eefb9738d1,./bach-bg-cant-0010/midi1/05.mid,cantata,O,Bach,bach-bg-cant-0010-midi1-05
http://purl.org/midi-ld/pattern/5298425c999fc443ce478d8004cebcc3,Recitativo,http://data.doremus.org/expression/3ab5babd-8426-3a76-aa60-94eefb9738d1,./bach-bg-cant-0010/midi1/06.mid,cantata,O,Bach,bach-bg-cant-0010-midi1-06
http://purl.org/midi-ld/pattern/28664714df973445a1650ca9510a5626,Choral,http://data.doremus.org/expression/6c0dde45-1888-300d-9cf9-3b9c9fa50272,./bach-bg-cant-0041/midi1/01.mid,cantata,V,Bach,bach-bg-cant-0041-midi1-01
http://purl.org/midi-ld/pattern/364f552d6f93958e4d1fe04206ef8ee1,Aria,http://data.doremus.org/expression/6c0dde45-1888-300d-9cf9-3b9c9fa50272,./bach-bg-cant-0041/midi1/02.mid,cantata,V,Bach,bach-bg-cant-0041-midi1-02
http://purl.org/midi-ld/pattern/884aaa6b1cb58434a39db26f58a4e31e,Recitativo,http://data.doremus.org/expression/6c0dde45-1888-300d-9cf9-3b9c9fa50272,./bach-bg-cant-0041/midi1/03.mid,cantata,V,Bach,bach-bg-cant-0041-midi1-03
http://purl.org/midi-ld/pattern/338ff452a79b7d273b1abbbb5ab46986,Aria,http://data.doremus.org/expression/6c0dde45-1888-300d-9cf9-3b9c9fa50272,./bach-bg-cant-0041/midi1/04.mid,cantata,V,Bach,bach-bg-cant-0041-midi1-04
http://purl.org/midi-ld/pattern/4811cbbbc43352a373897c6159d86d68,Recitativo,http://data.doremus.org/expression/6c0dde45-1888-300d-9cf9-3b9c9fa50272,./bach-bg-cant-0041/midi1/05.mid,cantata,V,Bach,bach-bg-cant-0041-midi1-05
http://purl.org/midi-ld/pattern/03e69a57003545dfd38080cd0e31acbb,Choral,http://data.doremus.org/expression/6c0dde45-1888-300d-9cf9-3b9c9fa50272,./bach-bg-cant-0041/midi1/06.mid,cantata,V,Bach,bach-bg-cant-0041-midi1-06
http://purl.org/midi-ld/pattern/c113cfa7e6d4b47b7516cb906bad43d1,Sinfonia,http://data.doremus.org/expression/546b4e3f-4a79-313a-a2d6-4cfc031b68d4,./bach-bg-cant-0042/midi1/01.mid,cantata,O,Bach,bach-bg-cant-0042-midi1-01
http://purl.org/midi-ld/pattern/01cbae7ccd914d216a6157c5f10e38e1,Recitativo,http://data.doremus.org/expression/546b4e3f-4a79-313a-a2d6-4cfc031b68d4,./bach-bg-cant-0042/midi1/02.mid,cantata,O,Bach,bach-bg-cant-0042-midi1-02
http://purl.org/midi-ld/pattern/839c6781a3d57fb0bb8b56c8a8f23095,Aria,http://data.doremus.org/expression/546b4e3f-4a79-313a-a2d6-4cfc031b68d4,./bach-bg-cant-0042/midi1/03.mid,cantata,O,Bach,bach-bg-cant-0042-midi1-03
http://purl.org/midi-ld/pattern/25af7e928230a0a001f6198178b2ae88,Duetto,http://data.doremus.org/expression/546b4e3f-4a79-313a-a2d6-4cfc031b68d4,./bach-bg-cant-0042/midi1/04.mid,cantata,O,Bach,bach-bg-cant-0042-midi1-04
http://purl.org/midi-ld/pattern/66404d7ecfb404324aedf54a0ab882d1,Recitativo,http://data.doremus.org/expression/546b4e3f-4a79-313a-a2d6-4cfc031b68d4,./bach-bg-cant-0042/midi1/05.mid,cantata,O,Bach,bach-bg-cant-0042-midi1-05
http://purl.org/midi-ld/pattern/f17c9e15dfd02926bdca1aa3e459680f,Aria,http://data.doremus.org/expression/546b4e3f-4a79-313a-a2d6-4cfc031b68d4,./bach-bg-cant-0042/midi1/06.mid,cantata,O,Bach,bach-bg-cant-0042-midi1-06
http://purl.org/midi-ld/pattern/9a438c9112f50ecedbfa488a58ff32ef,Choral,http://data.doremus.org/expression/546b4e3f-4a79-313a-a2d6-4cfc031b68d4,./bach-bg-cant-0042/midi1/07.mid,cantata,O,Bach,bach-bg-cant-0042-midi1-07
http://purl.org/midi-ld/pattern/6dd4b4890aacb8036054c97b338abe72,Choral,http://data.doremus.org/expression/148e2958-e274-3851-8218-3e8fc90a11a8,./bach-bg-cant-0043/midi1/11.mid,cantata,O,Bach,bach-bg-cant-0043-midi1-11
http://purl.org/midi-ld/pattern/e867af975a2266d6b49f1b62aec48844,Choral,http://data.doremus.org/expression/148e2958-e274-3851-8218-3e8fc90a11a8,./bach-bg-cant-0043/midi1/01.mid,cantata,O,Bach,bach-bg-cant-0043-midi1-01
http://purl.org/midi-ld/pattern/e3f45f634656c72217f2a12b3c824b03,Recitativo,http://data.doremus.org/expression/148e2958-e274-3851-8218-3e8fc90a11a8,./bach-bg-cant-0043/midi1/02.mid,cantata,O,Bach,bach-bg-cant-0043-midi1-02
http://purl.org/midi-ld/pattern/d32330efdf751c6de5c3b98246d82a08,Aria,http://data.doremus.org/expression/148e2958-e274-3851-8218-3e8fc90a11a8,./bach-bg-cant-0043/midi1/03.mid,cantata,O,Bach,bach-bg-cant-0043-midi1-03
http://purl.org/midi-ld/pattern/c20b66b763bd8c4e9551bfa19b5c884d,Recitativo,http://data.doremus.org/expression/148e2958-e274-3851-8218-3e8fc90a11a8,./bach-bg-cant-0043/midi1/04.mid,cantata,O,Bach,bach-bg-cant-0043-midi1-04
http://purl.org/midi-ld/pattern/a0a768e38fd45bcb28748b3e31b99595,Aria,http://data.doremus.org/expression/148e2958-e274-3851-8218-3e8fc90a11a8,./bach-bg-cant-0043/midi1/05.mid,cantata,O,Bach,bach-bg-cant-0043-midi1-05
http://purl.org/midi-ld/pattern/ae80ef5000c16b29307ca3be749beb2f,Recitativo,http://data.doremus.org/expression/148e2958-e274-3851-8218-3e8fc90a11a8,./bach-bg-cant-0043/midi1/06.mid,cantata,O,Bach,bach-bg-cant-0043-midi1-06
http://purl.org/midi-ld/pattern/fa710a4cbf26a89e26d6c2ff217ffeef,Aria,http://data.doremus.org/expression/148e2958-e274-3851-8218-3e8fc90a11a8,./bach-bg-cant-0043/midi1/07.mid,cantata,O,Bach,bach-bg-cant-0043-midi1-07
http://purl.org/midi-ld/pattern/feaebeafd67ff3cc8c8067f823487ffd,Recitativo,http://data.doremus.org/expression/148e2958-e274-3851-8218-3e8fc90a11a8,./bach-bg-cant-0043/midi1/08.mid,cantata,O,Bach,bach-bg-cant-0043-midi1-08
http://purl.org/midi-ld/pattern/f58c032f1e8fa127478af6944d94847f,Aria,http://data.doremus.org/expression/148e2958-e274-3851-8218-3e8fc90a11a8,./bach-bg-cant-0043/midi1/09.mid,cantata,O,Bach,bach-bg-cant-0043-midi1-09
http://purl.org/midi-ld/pattern/6e11d2e0a88761f2b37aa905b5b6dba0,Recitativo,http://data.doremus.org/expression/148e2958-e274-3851-8218-3e8fc90a11a8,./bach-bg-cant-0043/midi1/10.mid,cantata,O,Bach,bach-bg-cant-0043-midi1-10
http://purl.org/midi-ld/pattern/73f926cd8de62fd6b8271f33a799a02c,Choral,http://data.doremus.org/expression/7fd88d80-8f05-33b1-a4cc-83c903ff559e,./bach-bg-cant-0044/midi1/07.mid,cantata,O,Bach,bach-bg-cant-0044-midi1-07
http://purl.org/midi-ld/pattern/c89340fd1a589c912be74bee2fa12a7f,Choral,http://data.doremus.org/expression/7fd88d80-8f05-33b1-a4cc-83c903ff559e,./bach-bg-cant-0044/midi1/04.mid,cantata,O,Bach,bach-bg-cant-0044-midi1-04
http://purl.org/midi-ld/pattern/cd7397972149003a72949df04b390cad,Recitativo,http://data.doremus.org/expression/7fd88d80-8f05-33b1-a4cc-83c903ff559e,./bach-bg-cant-0044/midi1/05.mid,cantata,O,Bach,bach-bg-cant-0044-midi1-05
http://purl.org/midi-ld/pattern/da1761a3ead6859261edb79ae0dd7f56,Aria,http://data.doremus.org/expression/7fd88d80-8f05-33b1-a4cc-83c903ff559e,./bach-bg-cant-0044/midi1/06.mid,cantata,O,Bach,bach-bg-cant-0044-midi1-06
http://purl.org/midi-ld/pattern/4ab8e20140967367a4e348590fddd33b,Aria,http://data.doremus.org/expression/7fd88d80-8f05-33b1-a4cc-83c903ff559e,./bach-bg-cant-0044/midi1/03.mid,cantata,O,Bach,bach-bg-cant-0044-midi1-03
http://purl.org/midi-ld/pattern/c4f5b070421f16a4ee3ead6beb0d6991,Duetto,http://data.doremus.org/expression/7fd88d80-8f05-33b1-a4cc-83c903ff559e,./bach-bg-cant-0044/midi1/01-02.mid,cantata,O,Bach,bach-bg-cant-0044-midi1-01-02
http://purl.org/midi-ld/pattern/c64295753e2a1eef76c807c904babff9,Choral,http://data.doremus.org/expression/ce80563e-dee0-3e18-8821-92b87db09278,./bach-bg-cant-0045/midi1/01.mid,cantata,O,Bach,bach-bg-cant-0045-midi1-01
http://purl.org/midi-ld/pattern/44d3ba0a8683bd6a7ae63f8a1def1e23,Recitativo,http://data.doremus.org/expression/ce80563e-dee0-3e18-8821-92b87db09278,./bach-bg-cant-0045/midi1/02.mid,cantata,O,Bach,bach-bg-cant-0045-midi1-02
http://purl.org/midi-ld/pattern/0e9355e528b01dbdce55705e901595b7,Aria,http://data.doremus.org/expression/ce80563e-dee0-3e18-8821-92b87db09278,./bach-bg-cant-0045/midi1/03.mid,cantata,O,Bach,bach-bg-cant-0045-midi1-03
http://purl.org/midi-ld/pattern/8bd0eb3141ce9baa64d8bd7a3dba294f,Aria,http://data.doremus.org/expression/ce80563e-dee0-3e18-8821-92b87db09278,./bach-bg-cant-0045/midi1/04.mid,cantata,O,Bach,bach-bg-cant-0045-midi1-04
http://purl.org/midi-ld/pattern/971f1be0126a7e9c3dc2973d4a46c386,Aria,http://data.doremus.org/expression/ce80563e-dee0-3e18-8821-92b87db09278,./bach-bg-cant-0045/midi1/05.mid,cantata,O,Bach,bach-bg-cant-0045-midi1-05
http://purl.org/midi-ld/pattern/c72412cb8c7a841fec7a536c9f67ee71,Recitativo,http://data.doremus.org/expression/ce80563e-dee0-3e18-8821-92b87db09278,./bach-bg-cant-0045/midi1/06.mid,cantata,O,Bach,bach-bg-cant-0045-midi1-06
http://purl.org/midi-ld/pattern/f67403816e412326698f94dd3390364c,Choral,http://data.doremus.org/expression/ce80563e-dee0-3e18-8821-92b87db09278,./bach-bg-cant-0045/midi1/07.mid,cantata,O,Bach,bach-bg-cant-0045-midi1-07
http://purl.org/midi-ld/pattern/3e184bcfc395f4c7abc740ecad064f1e,Choral,http://data.doremus.org/expression/8e804ab8-0e10-3784-9f6c-e46feb84b040,./bach-bg-cant-0046/midi1/01.mid,cantata,O+V,Bach,bach-bg-cant-0046-midi1-01
http://purl.org/midi-ld/pattern/4e55d9da0cbb3e09a3450fc575224887,Recitativo,http://data.doremus.org/expression/8e804ab8-0e10-3784-9f6c-e46feb84b040,./bach-bg-cant-0046/midi1/02.mid,cantata,O+V,Bach,bach-bg-cant-0046-midi1-02
http://purl.org/midi-ld/pattern/87f7afe4389a565d09254c2d3c3bcbbe,Aria,http://data.doremus.org/expression/8e804ab8-0e10-3784-9f6c-e46feb84b040,./bach-bg-cant-0046/midi1/03.mid,cantata,O+V,Bach,bach-bg-cant-0046-midi1-03
http://purl.org/midi-ld/pattern/ad9e4e1ec691fd597b13076ef41d287c,Recitativo,http://data.doremus.org/expression/8e804ab8-0e10-3784-9f6c-e46feb84b040,./bach-bg-cant-0046/midi1/04.mid,cantata,O+V,Bach,bach-bg-cant-0046-midi1-04
http://purl.org/midi-ld/pattern/c54d10de03db171cbb4d2efcb09792d2,Aria,http://data.doremus.org/expression/8e804ab8-0e10-3784-9f6c-e46feb84b040,./bach-bg-cant-0046/midi1/05.mid,cantata,O+V,Bach,bach-bg-cant-0046-midi1-05
http://purl.org/midi-ld/pattern/a25f90a66c6daa87fcda0e9c4bc8f5c6,Choral,http://data.doremus.org/expression/8e804ab8-0e10-3784-9f6c-e46feb84b040,./bach-bg-cant-0046/midi1/06.mid,cantata,O+V,Bach,bach-bg-cant-0046-midi1-06
http://purl.org/midi-ld/pattern/266eb58ddb4b63d0d2113ea5d8dc43b6,Choral,http://data.doremus.org/expression/062a5ac5-98cd-30b9-9598-841db0402e75,./bach-bg-cant-0047/midi1/01.mid,cantata,O+V,Bach,bach-bg-cant-0047-midi1-01
http://purl.org/midi-ld/pattern/b329bdf0d9c284d6a79a30cb44a5d1d8,Aria,http://data.doremus.org/expression/062a5ac5-98cd-30b9-9598-841db0402e75,./bach-bg-cant-0047/midi1/02.mid,cantata,O+V,Bach,bach-bg-cant-0047-midi1-02
http://purl.org/midi-ld/pattern/faca5dd822bb56d10f93fc6ee56994e7,Recitativo,http://data.doremus.org/expression/062a5ac5-98cd-30b9-9598-841db0402e75,./bach-bg-cant-0047/midi1/03.mid,cantata,O+V,Bach,bach-bg-cant-0047-midi1-03
http://purl.org/midi-ld/pattern/3a0c7c1222c76aaddce9f54190d6a7c4,Aria,http://data.doremus.org/expression/062a5ac5-98cd-30b9-9598-841db0402e75,./bach-bg-cant-0047/midi1/04.mid,cantata,O+V,Bach,bach-bg-cant-0047-midi1-04
http://purl.org/midi-ld/pattern/ddbba639052e21b3ed18f31bb20e3ab2,Choral,http://data.doremus.org/expression/062a5ac5-98cd-30b9-9598-841db0402e75,./bach-bg-cant-0047/midi1/05.mid,cantata,O+V,Bach,bach-bg-cant-0047-midi1-05
http://purl.org/midi-ld/pattern/b71e9e45d2d38bda61a8e4722fc24bbf,Choral,http://data.doremus.org/expression/a47f9955-6fdf-3eea-af4d-7962e4042a84,./bach-bg-cant-0048/midi1/01.mid,cantata,O+V,Bach,bach-bg-cant-0048-midi1-01
http://purl.org/midi-ld/pattern/f7f8c8105b38c9d0facbeed3fbe8c426,Recitativo,http://data.doremus.org/expression/a47f9955-6fdf-3eea-af4d-7962e4042a84,./bach-bg-cant-0048/midi1/02.mid,cantata,O+V,Bach,bach-bg-cant-0048-midi1-02
http://purl.org/midi-ld/pattern/f59e50e9d5b46da808f4650964ef3d34,Choral,http://data.doremus.org/expression/a47f9955-6fdf-3eea-af4d-7962e4042a84,./bach-bg-cant-0048/midi1/03.mid,cantata,O+V,Bach,bach-bg-cant-0048-midi1-03
http://purl.org/midi-ld/pattern/6bad2da69c00cd18ea5e468be4c2dded,Aria,http://data.doremus.org/expression/a47f9955-6fdf-3eea-af4d-7962e4042a84,./bach-bg-cant-0048/midi1/04.mid,cantata,O+V,Bach,bach-bg-cant-0048-midi1-04
http://purl.org/midi-ld/pattern/8179cef9b85f4595925e508dbafc0368,Recitativo,http://data.doremus.org/expression/a47f9955-6fdf-3eea-af4d-7962e4042a84,./bach-bg-cant-0048/midi1/05.mid,cantata,O+V,Bach,bach-bg-cant-0048-midi1-05
http://purl.org/midi-ld/pattern/b302c339bde240cdf53fa2ac1a5f723d,Aria,http://data.doremus.org/expression/a47f9955-6fdf-3eea-af4d-7962e4042a84,./bach-bg-cant-0048/midi1/06.mid,cantata,O+V,Bach,bach-bg-cant-0048-midi1-06
http://purl.org/midi-ld/pattern/e6ae954554d543cb4e3059997475eb0f,Choral,http://data.doremus.org/expression/a47f9955-6fdf-3eea-af4d-7962e4042a84,./bach-bg-cant-0048/midi1/07.mid,cantata,O+V,Bach,bach-bg-cant-0048-midi1-07
http://purl.org/midi-ld/pattern/1b0f36486f0f010bf629fe9c93a57ba7,Sinfonia,http://data.doremus.org/expression/4492b4a8-53bc-381a-a77b-369474540125,./bach-bg-cant-0049/midi1/01.mid,cantata,O+V,Bach,bach-bg-cant-0049-midi1-01
http://purl.org/midi-ld/pattern/df437a4e98011314c4a85c3e7d89166f,Aria,http://data.doremus.org/expression/4492b4a8-53bc-381a-a77b-369474540125,./bach-bg-cant-0049/midi1/02.mid,cantata,O+V,Bach,bach-bg-cant-0049-midi1-02
http://purl.org/midi-ld/pattern/efce4588857b4e8df6798427923431c8,Recitativo,http://data.doremus.org/expression/4492b4a8-53bc-381a-a77b-369474540125,./bach-bg-cant-0049/midi1/03.mid,cantata,O+V,Bach,bach-bg-cant-0049-midi1-03
http://purl.org/midi-ld/pattern/dbb3536592628919c07ac044acc7ba1f,Aria,http://data.doremus.org/expression/4492b4a8-53bc-381a-a77b-369474540125,./bach-bg-cant-0049/midi1/04.mid,cantata,O+V,Bach,bach-bg-cant-0049-midi1-04
http://purl.org/midi-ld/pattern/c98dd540dd21353dcc1a316482ad2598,Recitativo,http://data.doremus.org/expression/4492b4a8-53bc-381a-a77b-369474540125,./bach-bg-cant-0049/midi1/05.mid,cantata,O+V,Bach,bach-bg-cant-0049-midi1-05
http://purl.org/midi-ld/pattern/8bc29ad47be7d9531afeeb8543e7051a,Duetto,http://data.doremus.org/expression/4492b4a8-53bc-381a-a77b-369474540125,./bach-bg-cant-0049/midi1/06.mid,cantata,O+V,Bach,bach-bg-cant-0049-midi1-06
http://purl.org/midi-ld/pattern/505650a931de0de691f2c3a3948a2d67,Aria,http://data.doremus.org/expression/9b361594-8b72-3cf0-b8a5-c793075f623d,./bach-bg-cant-0058/midi1/03.mid,cantata,O+V,Bach,bach-bg-cant-0058-midi1-03
http://purl.org/midi-ld/pattern/ed00e009da5f0f89e437b14d02719f02,Choral,http://data.doremus.org/expression/9b361594-8b72-3cf0-b8a5-c793075f623d,./bach-bg-cant-0058/midi1/01.mid,cantata,O+V,Bach,bach-bg-cant-0058-midi1-01
http://purl.org/midi-ld/pattern/341bc1df116544cee89b40c37e68a187,Recitativo,http://data.doremus.org/expression/9b361594-8b72-3cf0-b8a5-c793075f623d,./bach-bg-cant-0058/midi1/02.mid,cantata,O+V,Bach,bach-bg-cant-0058-midi1-02
http://purl.org/midi-ld/pattern/fdf3872190a3aa445f8031a72ef3eed6,Recitativo,http://data.doremus.org/expression/9b361594-8b72-3cf0-b8a5-c793075f623d,./bach-bg-cant-0058/midi1/04.mid,cantata,O+V,Bach,bach-bg-cant-0058-midi1-04
http://purl.org/midi-ld/pattern/3108665b8f51f79631f39bdd3f68f0b5,Aria,http://data.doremus.org/expression/9b361594-8b72-3cf0-b8a5-c793075f623d,./bach-bg-cant-0058/midi1/05.mid,cantata,O+V,Bach,bach-bg-cant-0058-midi1-05
http://purl.org/midi-ld/pattern/0047a11e3e84ea6c20d2060fec3073b4,Recitativo,http://data.doremus.org/expression/16190e8e-d78c-3b91-a327-5a2eed3b9f67,./bach-bg-cant-0135/midi1/04.mid,cantata,O,Bach,bach-bg-cant-0135-midi1-04
http://purl.org/midi-ld/pattern/e699c86b9e0b9de1ece09170a05af1a4,Aria,http://data.doremus.org/expression/16190e8e-d78c-3b91-a327-5a2eed3b9f67,./bach-bg-cant-0135/midi1/05.mid,cantata,O,Bach,bach-bg-cant-0135-midi1-05
http://purl.org/midi-ld/pattern/89f46fcd421041b804e22f041b9980e5,Choral,http://data.doremus.org/expression/16190e8e-d78c-3b91-a327-5a2eed3b9f67,./bach-bg-cant-0135/midi1/06.mid,cantata,O,Bach,bach-bg-cant-0135-midi1-06
http://purl.org/midi-ld/pattern/c4de0fe7f49542a45442035e33cf8b36,Choral,http://data.doremus.org/expression/16190e8e-d78c-3b91-a327-5a2eed3b9f67,./bach-bg-cant-0135/midi1/01.mid,cantata,O,Bach,bach-bg-cant-0135-midi1-01
http://purl.org/midi-ld/pattern/4c49803a0debce4965c1f9d33c625122,Recitativo,http://data.doremus.org/expression/16190e8e-d78c-3b91-a327-5a2eed3b9f67,./bach-bg-cant-0135/midi1/02.mid,cantata,O,Bach,bach-bg-cant-0135-midi1-02
http://purl.org/midi-ld/pattern/2771af27e51a621382b4653f64528d33,Aria,http://data.doremus.org/expression/16190e8e-d78c-3b91-a327-5a2eed3b9f67,./bach-bg-cant-0135/midi1/03.mid,cantata,O,Bach,bach-bg-cant-0135-midi1-03
http://purl.org/midi-ld/pattern/f65c35a0f90696294504c34e86772b0f,Choral,http://data.doremus.org/expression/1597fe81-b223-318e-b625-bb7b4a0f6a2b,./bach-bg-cant-0136/midi1/01.mid,cantata,O,Bach,bach-bg-cant-0136-midi1-01
http://purl.org/midi-ld/pattern/529df3c332c799b13d085c4e19dd72ef,Recitativo,http://data.doremus.org/expression/1597fe81-b223-318e-b625-bb7b4a0f6a2b,./bach-bg-cant-0136/midi1/02.mid,cantata,O,Bach,bach-bg-cant-0136-midi1-02
http://purl.org/midi-ld/pattern/cbb7995b804922c0cd83c8978f7ea326,Aria,http://data.doremus.org/expression/1597fe81-b223-318e-b625-bb7b4a0f6a2b,./bach-bg-cant-0136/midi1/03.mid,cantata,O,Bach,bach-bg-cant-0136-midi1-03
http://purl.org/midi-ld/pattern/5e169d3cdc45f3d2399fe420bca243a0,Recitativo,http://data.doremus.org/expression/1597fe81-b223-318e-b625-bb7b4a0f6a2b,./bach-bg-cant-0136/midi1/04.mid,cantata,O,Bach,bach-bg-cant-0136-midi1-04
http://purl.org/midi-ld/pattern/2348f30f063b45872c04b32fe4927e84,Aria,http://data.doremus.org/expression/1597fe81-b223-318e-b625-bb7b4a0f6a2b,./bach-bg-cant-0136/midi1/05.mid,cantata,O,Bach,bach-bg-cant-0136-midi1-05
http://purl.org/midi-ld/pattern/8b69fbcdc48552617ab07960fdd7ae54,Choral,http://data.doremus.org/expression/1597fe81-b223-318e-b625-bb7b4a0f6a2b,./bach-bg-cant-0136/midi1/06.mid,cantata,O,Bach,bach-bg-cant-0136-midi1-06
http://purl.org/midi-ld/pattern/86f3d376acb23952b659df22361f1228,Prelude,http://data.doremus.org/expression/6103f888-3738-3639-aaa3-16e90dd18526,./bach-bg-keybd-wtc-i-0846/midi1/01.mid,prelude and fugue,P,Bach,bach-bg-keybd-wtc-i-0846-midi1-01
http://purl.org/midi-ld/pattern/00b83d1aff6c5216e10e011c12e3c8f6,Fugue,http://data.doremus.org/expression/6103f888-3738-3639-aaa3-16e90dd18526,./bach-bg-keybd-wtc-i-0846/midi1/02.mid,prelude and fugue,P,Bach,bach-bg-keybd-wtc-i-0846-midi1-02
http://purl.org/midi-ld/pattern/1fe8677321d99b15d4cb31dbd683205f,Prelude,http://data.doremus.org/expression/829e5fc0-1eb8-3c9e-bbd7-24d207ba37b4,./bach-bg-keybd-wtc-i-0847/midi1/01.mid,prelude and fugue,P,Bach,bach-bg-keybd-wtc-i-0847-midi1-01
http://purl.org/midi-ld/pattern/e65ac5baf8d1fa13eaea25d6aa829eca,Fugue,http://data.doremus.org/expression/829e5fc0-1eb8-3c9e-bbd7-24d207ba37b4,./bach-bg-keybd-wtc-i-0847/midi1/02.mid,prelude and fugue,P,Bach,bach-bg-keybd-wtc-i-0847-midi1-02
http://purl.org/midi-ld/pattern/34781957b564adc6ebd92405201591fd,Prelude,http://data.doremus.org/expression/15aa6269-3d71-3a50-bc36-cc3a2e7b8103,./bach-bg-keybd-wtc-i-0848/midi1/01.mid,prelude and fugue,P,Bach,bach-bg-keybd-wtc-i-0848-midi1-01
http://purl.org/midi-ld/pattern/a9e59cffe484150693831c65614072a1,Fugue,http://data.doremus.org/expression/15aa6269-3d71-3a50-bc36-cc3a2e7b8103,./bach-bg-keybd-wtc-i-0848/midi1/02.mid,prelude and fugue,P,Bach,bach-bg-keybd-wtc-i-0848-midi1-02
http://purl.org/midi-ld/pattern/8a13a73c38bd572c5c85eb82b2bb381a,Prelude,http://data.doremus.org/expression/0e9fb158-ac0d-3e59-86b7-673778436396,./bach-bg-keybd-wtc-i-0849/midi1/01.mid,prelude and fugue,P,Bach,bach-bg-keybd-wtc-i-0849-midi1-01
http://purl.org/midi-ld/pattern/e4b675fecb1392a2cc236628cef65f11,Fugue,http://data.doremus.org/expression/0e9fb158-ac0d-3e59-86b7-673778436396,./bach-bg-keybd-wtc-i-0849/midi1/02.mid,prelude and fugue,P,Bach,bach-bg-keybd-wtc-i-0849-midi1-02
http://purl.org/midi-ld/pattern/355a8c92fdfd2437cb6cc4aa73cb4bc2,Prelude,http://data.doremus.org/expression/251f43e1-1eba-3985-9750-a3b8900ae2f9,./bach-bg-keybd-wtc-i-0850/midi1/01.mid,prelude and fugue,P,Bach,bach-bg-keybd-wtc-i-0850-midi1-01
http://purl.org/midi-ld/pattern/bc5dcf3261f93d6b0bf08b826090a84e,Fugue,http://data.doremus.org/expression/251f43e1-1eba-3985-9750-a3b8900ae2f9,./bach-bg-keybd-wtc-i-0850/midi1/02.mid,prelude and fugue,P,Bach,bach-bg-keybd-wtc-i-0850-midi1-02
http://purl.org/midi-ld/pattern/b7810e088c029282f8cac8971781bc65,Prelude,http://data.doremus.org/expression/1aa31e40-ee97-3f77-9831-8b693ce2ccc4,./bach-bg-keybd-wtc-i-0851/midi1/01.mid,prelude and fugue,P,Bach,bach-bg-keybd-wtc-i-0851-midi1-01
http://purl.org/midi-ld/pattern/ed30ca4d5895112a1e5c05f714e7263f,Fugue,http://data.doremus.org/expression/1aa31e40-ee97-3f77-9831-8b693ce2ccc4,./bach-bg-keybd-wtc-i-0851/midi1/02.mid,prelude and fugue,P,Bach,bach-bg-keybd-wtc-i-0851-midi1-02
http://purl.org/midi-ld/pattern/26ebb7061ad597ad55e810a3c8310602,Prelude,http://data.doremus.org/expression/fab9d5a8-e916-34a3-8e77-576224a659f0,./bach-bg-keybd-wtc-i-0852/midi1/01.mid,prelude and fugue,P,Bach,bach-bg-keybd-wtc-i-0852-midi1-01
http://purl.org/midi-ld/pattern/fd83a2b4f2a8642b03018a9c4eade10b,Fugue,http://data.doremus.org/expression/fab9d5a8-e916-34a3-8e77-576224a659f0,./bach-bg-keybd-wtc-i-0852/midi1/02.mid,prelude and fugue,P,Bach,bach-bg-keybd-wtc-i-0852-midi1-02
http://purl.org/midi-ld/pattern/f9acea8ad7c71299278fdea6485e5f0c,Prelude,http://data.doremus.org/expression/0b51a012-d824-3679-9095-2bb2e14829de,./bach-bg-keybd-wtc-i-0853/midi1/01.mid,prelude and fugue,P,Bach,bach-bg-keybd-wtc-i-0853-midi1-01
http://purl.org/midi-ld/pattern/f5e7e1be24ab95df8aa09fcbe3a1b6d9,Fugue,http://data.doremus.org/expression/0b51a012-d824-3679-9095-2bb2e14829de,./bach-bg-keybd-wtc-i-0853/midi1/02.mid,prelude and fugue,P,Bach,bach-bg-keybd-wtc-i-0853-midi1-02
http://purl.org/midi-ld/pattern/9b651758bd985294c2f1c43225cc0eab,Prelude,http://data.doremus.org/expression/7b69bf51-d1a7-3fa3-a532-960e0d4abde3,./bach-bg-keybd-wtc-i-0854/midi1/01.mid,prelude and fugue,P,Bach,bach-bg-keybd-wtc-i-0854-midi1-01
http://purl.org/midi-ld/pattern/a4532bab59068acc56c5f6f65487e3d3,Fugue,http://data.doremus.org/expression/7b69bf51-d1a7-3fa3-a532-960e0d4abde3,./bach-bg-keybd-wtc-i-0854/midi1/02.mid,prelude and fugue,P,Bach,bach-bg-keybd-wtc-i-0854-midi1-02
http://purl.org/midi-ld/pattern/7e4ac1b33bf4da6fca969b15e649b09f,Prelude,http://data.doremus.org/expression/a1c05132-d0b3-3229-b586-b2440fc92c69,./bach-bg-keybd-wtc-i-0855/midi1/01.mid,prelude and fugue,P,Bach,bach-bg-keybd-wtc-i-0855-midi1-01
http://purl.org/midi-ld/pattern/7be53832066965e237d1423299837668,Fugue,http://data.doremus.org/expression/a1c05132-d0b3-3229-b586-b2440fc92c69,./bach-bg-keybd-wtc-i-0855/midi1/02.mid,prelude and fugue,P,Bach,bach-bg-keybd-wtc-i-0855-midi1-02
http://purl.org/midi-ld/pattern/e8de49193ec80727f480faaf2fc99f29,Prelude,http://data.doremus.org/expression/e2382b14-2f36-3360-ba94-7e45879bd554,./bach-bg-keybd-wtc-i-0856/midi1/01.mid,prelude and fugue,P,Bach,bach-bg-keybd-wtc-i-0856-midi1-01
http://purl.org/midi-ld/pattern/400538815dddc1039f0b8d6c364c6d87,Fugue,http://data.doremus.org/expression/e2382b14-2f36-3360-ba94-7e45879bd554,./bach-bg-keybd-wtc-i-0856/midi1/02.mid,prelude and fugue,P,Bach,bach-bg-keybd-wtc-i-0856-midi1-02
http://purl.org/midi-ld/pattern/5219a23e14e569a8e5214c1e9d7ef979,Prelude,http://data.doremus.org/expression/5b6c12ed-ea98-39bf-8bb4-53353ff6773d,./bach-bg-keybd-wtc-i-0857/midi1/01.mid,prelude and fugue,P,Bach,bach-bg-keybd-wtc-i-0857-midi1-01
http://purl.org/midi-ld/pattern/bdd0bc646fb5273be3759620baaeceae,Fugue,http://data.doremus.org/expression/5b6c12ed-ea98-39bf-8bb4-53353ff6773d,./bach-bg-keybd-wtc-i-0857/midi1/02.mid,prelude and fugue,P,Bach,bach-bg-keybd-wtc-i-0857-midi1-02
http://purl.org/midi-ld/pattern/88a7b1ecd83f4c5b65d7aaffd8ca1c39,Prelude,http://data.doremus.org/expression/aadf3fd0-0fc9-39cb-86f1-90526da2820f,./bach-bg-keybd-wtc-i-0858/midi1/01.mid,prelude and fugue,P,Bach,bach-bg-keybd-wtc-i-0858-midi1-01
http://purl.org/midi-ld/pattern/a9621a738f58e412693a95b99feb664d,Fugue,http://data.doremus.org/expression/aadf3fd0-0fc9-39cb-86f1-90526da2820f,./bach-bg-keybd-wtc-i-0858/midi1/02.mid,prelude and fugue,P,Bach,bach-bg-keybd-wtc-i-0858-midi1-02
http://purl.org/midi-ld/pattern/b84bcdeb60dc6a4c266324c14d7ae777,Prelude,http://data.doremus.org/expression/db55bba1-5296-3dfa-8dd1-e2603445494a,./bach-bg-keybd-wtc-i-0859/midi1/01.mid,prelude and fugue,P,Bach,bach-bg-keybd-wtc-i-0859-midi1-01
http://purl.org/midi-ld/pattern/3383b405f03ed84f7aeed657d4a8390a,Fugue,http://data.doremus.org/expression/db55bba1-5296-3dfa-8dd1-e2603445494a,./bach-bg-keybd-wtc-i-0859/midi1/02.mid,prelude and fugue,P,Bach,bach-bg-keybd-wtc-i-0859-midi1-02
http://purl.org/midi-ld/pattern/0dbffb4bd95fe8e2d806b84f80021515,Prelude,http://data.doremus.org/expression/f40174c7-e887-380a-9b00-1bf1dad7763f,./bach-bg-keybd-wtc-i-0860/midi1/01.mid,prelude and fugue,P,Bach,bach-bg-keybd-wtc-i-0860-midi1-01
http://purl.org/midi-ld/pattern/65e37aec316a92cd817d4f9a168cbb37,Fugue,http://data.doremus.org/expression/f40174c7-e887-380a-9b00-1bf1dad7763f,./bach-bg-keybd-wtc-i-0860/midi1/02.mid,prelude and fugue,P,Bach,bach-bg-keybd-wtc-i-0860-midi1-02
http://purl.org/midi-ld/pattern/b8543e40f05e3a7b2529076b5bf211a1,Prelude,http://data.doremus.org/expression/16e3b4ca-4fb0-3874-82a8-36d30d446ec9,./bach-bg-keybd-wtc-i-0861/midi1/01.mid,prelude and fugue,P,Bach,bach-bg-keybd-wtc-i-0861-midi1-01
http://purl.org/midi-ld/pattern/26ed503f083f40f60e34d6db8c2c2f18,Fugue,http://data.doremus.org/expression/16e3b4ca-4fb0-3874-82a8-36d30d446ec9,./bach-bg-keybd-wtc-i-0861/midi1/02.mid,prelude and fugue,P,Bach,bach-bg-keybd-wtc-i-0861-midi1-02
http://purl.org/midi-ld/pattern/1ce9c43c3bed5757439d21c42620921a,Prelude,http://data.doremus.org/expression/727d3950-c29e-3494-a748-acca016aac95,./bach-bg-keybd-wtc-i-0862/midi1/01.mid,prelude and fugue,I,Bach,bach-bg-keybd-wtc-i-0862-midi1-01
http://purl.org/midi-ld/pattern/ad979a1f2fa8e1b7489d459ed5b0ec15,Fugue,http://data.doremus.org/expression/727d3950-c29e-3494-a748-acca016aac95,./bach-bg-keybd-wtc-i-0862/midi1/02.mid,prelude and fugue,I,Bach,bach-bg-keybd-wtc-i-0862-midi1-02
http://purl.org/midi-ld/pattern/4cbbc66c7606f24f0280aff61e8d5f21,Prelude,http://data.doremus.org/expression/33f353cc-6735-38d9-81a3-2a2144ad334c,./bach-bg-keybd-wtc-i-0863/midi1/01.mid,prelude and fugue,P,Bach,bach-bg-keybd-wtc-i-0863-midi1-01
http://purl.org/midi-ld/pattern/5848e0d89e1db29441ab6d02961ad3a7,Fugue,http://data.doremus.org/expression/33f353cc-6735-38d9-81a3-2a2144ad334c,./bach-bg-keybd-wtc-i-0863/midi1/02.mid,prelude and fugue,P,Bach,bach-bg-keybd-wtc-i-0863-midi1-02
http://purl.org/midi-ld/pattern/ebb9551548f92fad4c325f01c5226567,Prelude,http://data.doremus.org/expression/98be81e7-b820-34be-bf78-151b95c5d737,./bach-bg-keybd-wtc-i-0864/midi1/01.mid,prelude and fugue,P,Bach,bach-bg-keybd-wtc-i-0864-midi1-01
http://purl.org/midi-ld/pattern/839b0e8c76023c64af408508284ba827,Fugue,http://data.doremus.org/expression/98be81e7-b820-34be-bf78-151b95c5d737,./bach-bg-keybd-wtc-i-0864/midi1/02.mid,prelude and fugue,P,Bach,bach-bg-keybd-wtc-i-0864-midi1-02
http://purl.org/midi-ld/pattern/f0d757bfcc2e991e4212f5376d510c22,Prelude,http://data.doremus.org/expression/58553324-8db9-3dd0-b158-6fa60007ea08,./bach-bg-keybd-wtc-i-0865/midi1/01.mid,prelude and fugue,P,Bach,bach-bg-keybd-wtc-i-0865-midi1-01
http://purl.org/midi-ld/pattern/543ca8da5ce89b76080b15051a659af5,Fugue,http://data.doremus.org/expression/58553324-8db9-3dd0-b158-6fa60007ea08,./bach-bg-keybd-wtc-i-0865/midi1/02.mid,prelude and fugue,P,Bach,bach-bg-keybd-wtc-i-0865-midi1-02
http://purl.org/midi-ld/pattern/c82325a8691476665cf93735ca47a48e,Prelude,http://data.doremus.org/expression/1bcfad9a-7ee1-3616-8e82-db00187c062e,./bach-bg-keybd-wtc-i-0866/midi1/01.mid,prelude and fugue,P,Bach,bach-bg-keybd-wtc-i-0866-midi1-01
http://purl.org/midi-ld/pattern/f7ca38462d5874f5040bc499b71fa960,Fugue,http://data.doremus.org/expression/1bcfad9a-7ee1-3616-8e82-db00187c062e,./bach-bg-keybd-wtc-i-0866/midi1/02.mid,prelude and fugue,P,Bach,bach-bg-keybd-wtc-i-0866-midi1-02
http://purl.org/midi-ld/pattern/cf341b054155a8d5dfe38e14eeb77f12,Prelude,http://data.doremus.org/expression/8b27bfd3-3b11-398d-827d-4f4f6a86d64e,./bach-bg-keybd-wtc-i-0867/midi1/01.mid,prelude and fugue,P,Bach,bach-bg-keybd-wtc-i-0867-midi1-01
http://purl.org/midi-ld/pattern/14e822c81c567d8b15ed4631b831b2a4,Fugue,http://data.doremus.org/expression/8b27bfd3-3b11-398d-827d-4f4f6a86d64e,./bach-bg-keybd-wtc-i-0867/midi1/02.mid,prelude and fugue,P,Bach,bach-bg-keybd-wtc-i-0867-midi1-02
http://purl.org/midi-ld/pattern/0f9e87ba5c1215c11d2d4dfc041ed780,Prelude,http://data.doremus.org/expression/180888e6-4576-3ced-a1fb-09d55b869743,./bach-bg-keybd-wtc-i-0868/midi1/01.mid,prelude and fugue,P,Bach,bach-bg-keybd-wtc-i-0868-midi1-01
http://purl.org/midi-ld/pattern/bf86592540506138fd3c4e3947b194a6,Fugue,http://data.doremus.org/expression/180888e6-4576-3ced-a1fb-09d55b869743,./bach-bg-keybd-wtc-i-0868/midi1/02.mid,prelude and fugue,P,Bach,bach-bg-keybd-wtc-i-0868-midi1-02
http://purl.org/midi-ld/pattern/e531527b9fa7c48ec235dede92f535a2,Prelude,http://data.doremus.org/expression/462a5df3-c285-314c-9802-36ee7386fa9c,./bach-bg-keybd-wtc-i-0869/midi1/01.mid,prelude and fugue,P,Bach,bach-bg-keybd-wtc-i-0869-midi1-01
http://purl.org/midi-ld/pattern/4b3478b9d52029eb11ded22ff9896ee4,Fugue,http://data.doremus.org/expression/462a5df3-c285-314c-9802-36ee7386fa9c,./bach-bg-keybd-wtc-i-0869/midi1/02.mid,prelude and fugue,P,Bach,bach-bg-keybd-wtc-i-0869-midi1-02
http://purl.org/midi-ld/pattern/7d37d4fd15857288bc77296a5ad1b43b,Prelude,http://data.doremus.org/expression/d2f9540f-25b8-3d81-bfe3-d4f361d6eb6c,./bach-bg-keybd-wtc-ii-0870/midi1/01.mid,prelude and fugue,P,Bach,bach-bg-keybd-wtc-ii-0870-midi1-01
http://purl.org/midi-ld/pattern/3d5a0823f7489c0f91b7dec6e7cb5cab,Fugue,http://data.doremus.org/expression/d2f9540f-25b8-3d81-bfe3-d4f361d6eb6c,./bach-bg-keybd-wtc-ii-0870/midi1/02.mid,prelude and fugue,P,Bach,bach-bg-keybd-wtc-ii-0870-midi1-02
http://purl.org/midi-ld/pattern/4b3485dfd302bdc55735ffbb1124c38d,Prelude,http://data.doremus.org/expression/73f89791-5951-33cd-814d-e69d98788c59,./bach-bg-keybd-wtc-ii-0871/midi1/01.mid,prelude and fugue,P,Bach,bach-bg-keybd-wtc-ii-0871-midi1-01
http://purl.org/midi-ld/pattern/10d9ec7e6fa3493e18d78efdf2f5522f,Fugue,http://data.doremus.org/expression/73f89791-5951-33cd-814d-e69d98788c59,./bach-bg-keybd-wtc-ii-0871/midi1/02.mid,prelude and fugue,P,Bach,bach-bg-keybd-wtc-ii-0871-midi1-02
http://purl.org/midi-ld/pattern/8b3b086e2752c1a7a47206d13d2f4eee,Prelude,http://data.doremus.org/expression/9d92b310-1960-39fe-bb4c-5d0ce8f468f9,./bach-bg-keybd-wtc-ii-0872/midi1/01.mid,prelude,P,Bach,bach-bg-keybd-wtc-ii-0872-midi1-01
http://purl.org/midi-ld/pattern/1a53818ff469338b4d03b1858467d6bc,Fugue,http://data.doremus.org/expression/9d92b310-1960-39fe-bb4c-5d0ce8f468f9,./bach-bg-keybd-wtc-ii-0872/midi1/02.mid,prelude,P,Bach,bach-bg-keybd-wtc-ii-0872-midi1-02
http://purl.org/midi-ld/pattern/0948178f3ee0e86ee1366e83a5f92105,Prelude,http://data.doremus.org/expression/ba17c584-3f76-3de3-9466-92636162e65e,./bach-bg-keybd-wtc-ii-0873/midi1/01.mid,prelude and fugue,P,Bach,bach-bg-keybd-wtc-ii-0873-midi1-01
http://purl.org/midi-ld/pattern/d5ad2bb18c0a8477cf1866b749c16069,Fugue,http://data.doremus.org/expression/ba17c584-3f76-3de3-9466-92636162e65e,./bach-bg-keybd-wtc-ii-0873/midi1/02.mid,prelude and fugue,P,Bach,bach-bg-keybd-wtc-ii-0873-midi1-02
http://purl.org/midi-ld/pattern/3fe92283b5c61ae78cafbf4a358cc028,Prelude,http://data.doremus.org/expression/5cee8abe-361b-37f9-aeef-c2015b3a3b15,./bach-bg-keybd-wtc-ii-0874/midi1/01.mid,prelude and fugue,P,Bach,bach-bg-keybd-wtc-ii-0874-midi1-01
http://purl.org/midi-ld/pattern/d032ffef4a260df88bbefc0fdaa6b9c7,Fugue,http://data.doremus.org/expression/5cee8abe-361b-37f9-aeef-c2015b3a3b15,./bach-bg-keybd-wtc-ii-0874/midi1/02.mid,prelude and fugue,P,Bach,bach-bg-keybd-wtc-ii-0874-midi1-02
http://purl.org/midi-ld/pattern/f6f16a4be031554352690cd5cce979fa,Prelude,http://data.doremus.org/expression/e1b423c1-1931-3056-a355-6f8541e25a02,./bach-bg-keybd-wtc-ii-0875/midi1/01.mid,prelude and fugue,P,Bach,bach-bg-keybd-wtc-ii-0875-midi1-01
http://purl.org/midi-ld/pattern/7b3f3afdc044e2222c76ffa1bb7cc47f,Fugue,http://data.doremus.org/expression/e1b423c1-1931-3056-a355-6f8541e25a02,./bach-bg-keybd-wtc-ii-0875/midi1/02.mid,prelude and fugue,P,Bach,bach-bg-keybd-wtc-ii-0875-midi1-02
http://purl.org/midi-ld/pattern/83bedf727cc177f6392d289ea00db4cb,Prelude,http://data.doremus.org/expression/41f1fc51-d1e5-3da0-aff1-2d81d0d843ef,./bach-bg-keybd-wtc-ii-0876/midi1/01.mid,prelude and fugue,P,Bach,bach-bg-keybd-wtc-ii-0876-midi1-01
http://purl.org/midi-ld/pattern/1969730ec4a53ef49eb160529ce78250,Fugue,http://data.doremus.org/expression/41f1fc51-d1e5-3da0-aff1-2d81d0d843ef,./bach-bg-keybd-wtc-ii-0876/midi1/02.mid,prelude and fugue,P,Bach,bach-bg-keybd-wtc-ii-0876-midi1-02
http://purl.org/midi-ld/pattern/ca4146ea37b3dbeb56628cbe70c2d9e3,Prelude,http://data.doremus.org/expression/cd9df634-2785-330b-8149-6fff83fc0c19,./bach-bg-keybd-wtc-ii-0877/midi1/01.mid,prelude and fugue,P,Bach,bach-bg-keybd-wtc-ii-0877-midi1-01
http://purl.org/midi-ld/pattern/ea4b7d8744ec3058efc8c3f57a484e0f,Fugue,http://data.doremus.org/expression/cd9df634-2785-330b-8149-6fff83fc0c19,./bach-bg-keybd-wtc-ii-0877/midi1/02.mid,prelude and fugue,P,Bach,bach-bg-keybd-wtc-ii-0877-midi1-02
http://purl.org/midi-ld/pattern/f8822e43a54063f9f2286aefd20e7939,Prelude,http://data.doremus.org/expression/ef9a5e33-f7d0-352b-99c1-41261c42bcb7,./bach-bg-keybd-wtc-ii-0878/midi1/01.mid,prelude and fugue,P,Bach,bach-bg-keybd-wtc-ii-0878-midi1-01
http://purl.org/midi-ld/pattern/acfcf95303c51f8e362411597ca490e9,Fugue,http://data.doremus.org/expression/ef9a5e33-f7d0-352b-99c1-41261c42bcb7,./bach-bg-keybd-wtc-ii-0878/midi1/02.mid,prelude and fugue,P,Bach,bach-bg-keybd-wtc-ii-0878-midi1-02
http://purl.org/midi-ld/pattern/448ad5c507dd5da616f9de0680dbdb1d,Prelude,http://data.doremus.org/expression/1e45eae1-e5f1-3a67-b556-d89c999f31b4,./bach-bg-keybd-wtc-ii-0879/midi1/01.mid,prelude and fugue,P,Bach,bach-bg-keybd-wtc-ii-0879-midi1-01
http://purl.org/midi-ld/pattern/afcefed2ec990c94b6d2275bce8dace8,Fugue,http://data.doremus.org/expression/1e45eae1-e5f1-3a67-b556-d89c999f31b4,./bach-bg-keybd-wtc-ii-0879/midi1/02.mid,prelude and fugue,P,Bach,bach-bg-keybd-wtc-ii-0879-midi1-02
http://purl.org/midi-ld/pattern/36a6b551583077d9c00be39c33aebd7c,Fugue,http://data.doremus.org/expression/9f481875-daf0-3096-abd3-e0f9f04c0e89,./bach-bg-keybd-wtc-ii-0880/midi1/02.mid,prelude and fugue,P,Bach,bach-bg-keybd-wtc-ii-0880-midi1-02
http://purl.org/midi-ld/pattern/07eb6ce4e9e26d807aebf640d8057fee,Prelude,http://data.doremus.org/expression/9f481875-daf0-3096-abd3-e0f9f04c0e89,./bach-bg-keybd-wtc-ii-0880/midi1/01.mid,prelude and fugue,P,Bach,bach-bg-keybd-wtc-ii-0880-midi1-01
http://purl.org/midi-ld/pattern/94bf35e8450883a06924c1499bde00e2,Prelude,http://data.doremus.org/expression/ff7f8a3a-11bc-3b0b-bb95-d14fca047821,./bach-bg-keybd-wtc-ii-0881/midi1/01.mid,prelude and fugue,P,Bach,bach-bg-keybd-wtc-ii-0881-midi1-01
http://purl.org/midi-ld/pattern/ea1b2366bb16ca9597466e245d63b5ce,Fugue,http://data.doremus.org/expression/ff7f8a3a-11bc-3b0b-bb95-d14fca047821,./bach-bg-keybd-wtc-ii-0881/midi1/02.mid,prelude and fugue,P,Bach,bach-bg-keybd-wtc-ii-0881-midi1-02
http://purl.org/midi-ld/pattern/a5b0e127e63eb86567725f373bb8c785,Prelude,http://data.doremus.org/expression/9d92b310-1960-39fe-bb4c-5d0ce8f468f9,./bach-bg-keybd-wtc-ii-0882/midi1/01.mid,prelude,P,Bach,bach-bg-keybd-wtc-ii-0882-midi1-01
http://purl.org/midi-ld/pattern/f1c5d5cac26d1d01f8dadec9928c6c9d,Fugue,http://data.doremus.org/expression/9d92b310-1960-39fe-bb4c-5d0ce8f468f9,./bach-bg-keybd-wtc-ii-0882/midi1/02.mid,prelude,P,Bach,bach-bg-keybd-wtc-ii-0882-midi1-02
http://purl.org/midi-ld/pattern/e72096aa148e3a1fe6a0458b04d6157d,Prelude,http://data.doremus.org/expression/7f051049-f1dc-37da-9bd3-decbc28f81b3,./bach-bg-keybd-wtc-ii-0883/midi1/01.mid,prelude and fugue,P,Bach,bach-bg-keybd-wtc-ii-0883-midi1-01
http://purl.org/midi-ld/pattern/1bbf9fe98c3438cc3ec8e17c67edb8cd,Fugue,http://data.doremus.org/expression/7f051049-f1dc-37da-9bd3-decbc28f81b3,./bach-bg-keybd-wtc-ii-0883/midi1/02.mid,prelude and fugue,P,Bach,bach-bg-keybd-wtc-ii-0883-midi1-02
http://purl.org/midi-ld/pattern/ab933e498fdd6a9c0ab2b54c7cff46c2,Prelude,http://data.doremus.org/expression/9d92b310-1960-39fe-bb4c-5d0ce8f468f9,./bach-bg-keybd-wtc-ii-0884/midi1/01.mid,prelude,P,Bach,bach-bg-keybd-wtc-ii-0884-midi1-01
http://purl.org/midi-ld/pattern/85cc2791eaa24268b6529cbd980b4c7a,Fugue,http://data.doremus.org/expression/9d92b310-1960-39fe-bb4c-5d0ce8f468f9,./bach-bg-keybd-wtc-ii-0884/midi1/02.mid,prelude,P,Bach,bach-bg-keybd-wtc-ii-0884-midi1-02
http://purl.org/midi-ld/pattern/533c6e37e5339ada7585bacc1dba640f,Prelude,http://data.doremus.org/expression/305b8433-d3eb-33fc-b76a-b0a0624269bc,./bach-bg-keybd-wtc-ii-0885/midi1/01.mid,prelude and fugue,P,Bach,bach-bg-keybd-wtc-ii-0885-midi1-01
http://purl.org/midi-ld/pattern/712113c71ab4c995b745f7a6dafbccbd,Fugue,http://data.doremus.org/expression/305b8433-d3eb-33fc-b76a-b0a0624269bc,./bach-bg-keybd-wtc-ii-0885/midi1/02.mid,prelude and fugue,P,Bach,bach-bg-keybd-wtc-ii-0885-midi1-02
http://purl.org/midi-ld/pattern/cbbc36cad64501775de638440ea2acaa,Prelude,http://data.doremus.org/expression/9d92b310-1960-39fe-bb4c-5d0ce8f468f9,./bach-bg-keybd-wtc-ii-0886/midi1/01.mid,prelude,P,Bach,bach-bg-keybd-wtc-ii-0886-midi1-01
http://purl.org/midi-ld/pattern/7d1f800b1cbc713ea7b773c90ba91bfb,Fugue,http://data.doremus.org/expression/9d92b310-1960-39fe-bb4c-5d0ce8f468f9,./bach-bg-keybd-wtc-ii-0886/midi1/02.mid,prelude,P,Bach,bach-bg-keybd-wtc-ii-0886-midi1-02
http://purl.org/midi-ld/pattern/e80e68e5047b60f6883b4d86826be001,Prelude,http://data.doremus.org/expression/033de9a9-f44d-34dc-b06a-ddb150bcdaeb,./bach-bg-keybd-wtc-ii-0887/midi1/01.mid,prelude and fugue,P,Bach,bach-bg-keybd-wtc-ii-0887-midi1-01
http://purl.org/midi-ld/pattern/792d272fe29b5a513874ea245ab21504,Fugue,http://data.doremus.org/expression/033de9a9-f44d-34dc-b06a-ddb150bcdaeb,./bach-bg-keybd-wtc-ii-0887/midi1/02.mid,prelude and fugue,P,Bach,bach-bg-keybd-wtc-ii-0887-midi1-02
http://purl.org/midi-ld/pattern/15705068c26c0b121929a5c6660a50f8,Prelude,http://data.doremus.org/expression/257414e1-b237-3d30-b8cf-49b66ebb78fe,./bach-bg-keybd-wtc-ii-0888/midi1/01.mid,prelude and fugue,P,Bach,bach-bg-keybd-wtc-ii-0888-midi1-01
http://purl.org/midi-ld/pattern/03e1744a42e3a4ecac8422b2d37d3dd0,Fugue,http://data.doremus.org/expression/257414e1-b237-3d30-b8cf-49b66ebb78fe,./bach-bg-keybd-wtc-ii-0888/midi1/02.mid,prelude and fugue,P,Bach,bach-bg-keybd-wtc-ii-0888-midi1-02
http://purl.org/midi-ld/pattern/5cac9993c6b0709ca228fa88f1467aff,Prelude,http://data.doremus.org/expression/64926f8e-4900-3092-bb6a-5079cb3a9cab,./bach-bg-keybd-wtc-ii-0889/midi1/01.mid,prelude and fugue,P,Bach,bach-bg-keybd-wtc-ii-0889-midi1-01
http://purl.org/midi-ld/pattern/095531603c8ac535c11c0b08b6e1fd42,Fugue,http://data.doremus.org/expression/64926f8e-4900-3092-bb6a-5079cb3a9cab,./bach-bg-keybd-wtc-ii-0889/midi1/02.mid,prelude and fugue,P,Bach,bach-bg-keybd-wtc-ii-0889-midi1-02
http://purl.org/midi-ld/pattern/76680fef0cff2cf5bdb4f0aae69074ea,Prelude,http://data.doremus.org/expression/9d92b310-1960-39fe-bb4c-5d0ce8f468f9,./bach-bg-keybd-wtc-ii-0890/midi1/01.mid,prelude,P,Bach,bach-bg-keybd-wtc-ii-0890-midi1-01
http://purl.org/midi-ld/pattern/6df91c7ec1ab2c6917a208476df3b7fb,Fugue,http://data.doremus.org/expression/9d92b310-1960-39fe-bb4c-5d0ce8f468f9,./bach-bg-keybd-wtc-ii-0890/midi1/02.mid,prelude,P,Bach,bach-bg-keybd-wtc-ii-0890-midi1-02
http://purl.org/midi-ld/pattern/464a665451ba32996bc5ecdff0e4fe29,Prelude,http://data.doremus.org/expression/2700e707-5fc7-3f2d-b595-1ef40a5331d0,./bach-bg-keybd-wtc-ii-0891/midi1/01.mid,prelude and fugue,P,Bach,bach-bg-keybd-wtc-ii-0891-midi1-01
http://purl.org/midi-ld/pattern/2d500570aa01ef2a6d640e8b771e0753,Fugue,http://data.doremus.org/expression/2700e707-5fc7-3f2d-b595-1ef40a5331d0,./bach-bg-keybd-wtc-ii-0891/midi1/02.mid,prelude and fugue,P,Bach,bach-bg-keybd-wtc-ii-0891-midi1-02
http://purl.org/midi-ld/pattern/f1fa03d74aca08966dbc431f8f2dcc5e,Prelude,http://data.doremus.org/expression/9d92b310-1960-39fe-bb4c-5d0ce8f468f9,./bach-bg-keybd-wtc-ii-0892/midi1/01.mid,prelude,P,Bach,bach-bg-keybd-wtc-ii-0892-midi1-01
http://purl.org/midi-ld/pattern/a8ff43e3b789318d32b202823a4b2932,Fugue,http://data.doremus.org/expression/9d92b310-1960-39fe-bb4c-5d0ce8f468f9,./bach-bg-keybd-wtc-ii-0892/midi1/02.mid,prelude,P,Bach,bach-bg-keybd-wtc-ii-0892-midi1-02
http://purl.org/midi-ld/pattern/d1787a4a894952b045da5f98b390c092,Prelude,http://data.doremus.org/expression/4ae94e25-53e6-3a9f-b86b-7dcb679b43d5,./bach-bg-keybd-wtc-ii-0893/midi1/01.mid,prelude and fugue,P,Bach,bach-bg-keybd-wtc-ii-0893-midi1-01
http://purl.org/midi-ld/pattern/67978e6ed93972cd381998b91389c5c4,Fugue,http://data.doremus.org/expression/4ae94e25-53e6-3a9f-b86b-7dcb679b43d5,./bach-bg-keybd-wtc-ii-0893/midi1/02.mid,prelude and fugue,P,Bach,bach-bg-keybd-wtc-ii-0893-midi1-02
http://purl.org/midi-ld/pattern/dda2c180cc1aedbebbb0620a6ceb807b,?,http://data.doremus.org/expression/0b8287a6-2f3b-39ec-b362-013b82ae1968,./bach-bg-orch-1043/midi1/01.mid,concerto,O+S,Bach,bach-bg-orch-1043-midi1-01
http://purl.org/midi-ld/pattern/f362d8496e159152db2ba9cc950e5cd0,?,http://data.doremus.org/expression/0b8287a6-2f3b-39ec-b362-013b82ae1968,./bach-bg-orch-1043/midi1/02.mid,concerto,O+S,Bach,bach-bg-orch-1043-midi1-02
http://purl.org/midi-ld/pattern/c2d40941c785459d5aa3518ffbdf4707,?,http://data.doremus.org/expression/0b8287a6-2f3b-39ec-b362-013b82ae1968,./bach-bg-orch-1043/midi1/03.mid,concerto,O+S,Bach,bach-bg-orch-1043-midi1-03
http://purl.org/midi-ld/pattern/00d5d061a6ea16d41aaeb52627c52a6a,?,http://data.doremus.org/expression/ce808ff7-6639-3370-942a-49a6f87d42f1,./bach-bg-orch-1046/midi1/01.mid,concerto grosso,O,Bach,bach-bg-orch-1046-midi1-01
http://purl.org/midi-ld/pattern/38dc9afbf2c3ffabbc75db6cf8d82055,Adagio,http://data.doremus.org/expression/ce808ff7-6639-3370-942a-49a6f87d42f1,./bach-bg-orch-1046/midi1/02.mid,concerto grosso,O,Bach,bach-bg-orch-1046-midi1-02
http://purl.org/midi-ld/pattern/365a87920a1e7d8d3ff704d5d7946527,Allegro,http://data.doremus.org/expression/ce808ff7-6639-3370-942a-49a6f87d42f1,./bach-bg-orch-1046/midi1/03.mid,concerto grosso,O,Bach,bach-bg-orch-1046-midi1-03
http://purl.org/midi-ld/pattern/33764fa33b9fe20fbd3f63d9fe6058f4,Minuetto,http://data.doremus.org/expression/ce808ff7-6639-3370-942a-49a6f87d42f1,./bach-bg-orch-1046/midi1/04.mid,concerto grosso,O,Bach,bach-bg-orch-1046-midi1-04
http://purl.org/midi-ld/pattern/64ef3664aa3103d7fa1b10c2f3799094,Trio,http://data.doremus.org/expression/ce808ff7-6639-3370-942a-49a6f87d42f1,./bach-bg-orch-1046/midi1/05.mid,concerto grosso,O,Bach,bach-bg-orch-1046-midi1-05
http://purl.org/midi-ld/pattern/2c8a9c20179d83bc1356ae30dea036ae,Polacca,http://data.doremus.org/expression/ce808ff7-6639-3370-942a-49a6f87d42f1,./bach-bg-orch-1046/midi1/06.mid,concerto grosso,O,Bach,bach-bg-orch-1046-midi1-06
http://purl.org/midi-ld/pattern/2c08d028ef051e039ee2ee3eb2d11607,Trio,http://data.doremus.org/expression/ce808ff7-6639-3370-942a-49a6f87d42f1,./bach-bg-orch-1046/midi1/07.mid,concerto grosso,O,Bach,bach-bg-orch-1046-midi1-07
http://purl.org/midi-ld/pattern/9e15c266f93ad450bcfdc2e0d009e888,?,http://data.doremus.org/expression/b7f67065-7868-3081-9cc5-01b8f5d9fe4e,./bach-bg-orch-1047/midi1/01.mid,concerto grosso,O,Bach,bach-bg-orch-1047-midi1-01
http://purl.org/midi-ld/pattern/8242842bccf6b162fd9656fa034da334,Andante,http://data.doremus.org/expression/b7f67065-7868-3081-9cc5-01b8f5d9fe4e,./bach-bg-orch-1047/midi1/02.mid,concerto grosso,O,Bach,bach-bg-orch-1047-midi1-02
http://purl.org/midi-ld/pattern/91f06703b8d22f94568844087a0ebd44,Allegro,http://data.doremus.org/expression/b7f67065-7868-3081-9cc5-01b8f5d9fe4e,./bach-bg-orch-1047/midi1/03.mid,concerto grosso,O,Bach,bach-bg-orch-1047-midi1-03
http://purl.org/midi-ld/pattern/d264ee751877d373d64d670ae2116511,?,http://data.doremus.org/expression/19bf0692-646d-3659-a158-fa4be72b540e,./bach-bg-orch-1048/midi1/01.mid,concerto grosso,I+P,Bach,bach-bg-orch-1048-midi1-01
http://purl.org/midi-ld/pattern/19ccef04f5dca3e3489924f17d434dd1,?,http://data.doremus.org/expression/19bf0692-646d-3659-a158-fa4be72b540e,./bach-bg-orch-1048/midi1/03.mid,concerto grosso,I+P,Bach,bach-bg-orch-1048-midi1-03
http://purl.org/midi-ld/pattern/212878747f035fdf5344de22f0a395f9,Allegro,http://data.doremus.org/expression/ec5b213b-2f9c-3c40-baa2-15f32804718d,./bach-bg-orch-1049/midi1/01.mid,concerto grosso,O+S,Bach,bach-bg-orch-1049-midi1-01
http://purl.org/midi-ld/pattern/ac0b01989e47568e5d706f50e211acbf,Andante,http://data.doremus.org/expression/ec5b213b-2f9c-3c40-baa2-15f32804718d,./bach-bg-orch-1049/midi1/02.mid,concerto grosso,O+S,Bach,bach-bg-orch-1049-midi1-02
http://purl.org/midi-ld/pattern/a4363edc0cf909b38f084dbe7b737993,Allegro,http://data.doremus.org/expression/ec5b213b-2f9c-3c40-baa2-15f32804718d,./bach-bg-orch-1049/midi1/03.mid,concerto grosso,O+S,Bach,bach-bg-orch-1049-midi1-03
http://purl.org/midi-ld/pattern/defab96b1ae0e6d5762b01b8a4d0d5ef,Allegro,http://data.doremus.org/expression/02deb5b1-97b0-31f3-9637-50d4625c5fc2,./bach-bg-orch-1050/midi1/01.mid,concerto grosso,O+S,Bach,bach-bg-orch-1050-midi1-01
http://purl.org/midi-ld/pattern/27e29b5706be0aa613f72dd036274ba0,Affettuoso,http://data.doremus.org/expression/02deb5b1-97b0-31f3-9637-50d4625c5fc2,./bach-bg-orch-1050/midi1/02.mid,concerto grosso,O+S,Bach,bach-bg-orch-1050-midi1-02
http://purl.org/midi-ld/pattern/960175b1972570ef8a9e0ae994c274ab,Allegro,http://data.doremus.org/expression/02deb5b1-97b0-31f3-9637-50d4625c5fc2,./bach-bg-orch-1050/midi1/03.mid,concerto grosso,O+S,Bach,bach-bg-orch-1050-midi1-03
http://purl.org/midi-ld/pattern/d18084c7537efd8d0d998555f8a025a8,?,http://data.doremus.org/expression/f062ad7c-c547-3790-93ad-ae5829368b4a,./bach-bg-orch-1051/midi1/01.mid,concerto grosso,I,Bach,bach-bg-orch-1051-midi1-01
http://purl.org/midi-ld/pattern/69f944d82e6af02d71330a0b5b7ff482,Adagio,http://data.doremus.org/expression/f062ad7c-c547-3790-93ad-ae5829368b4a,./bach-bg-orch-1051/midi1/02.mid,concerto grosso,I,Bach,bach-bg-orch-1051-midi1-02
http://purl.org/midi-ld/pattern/c5f09cc2fa92ec481f31f20d6c254c47,Allegro,http://data.doremus.org/expression/f062ad7c-c547-3790-93ad-ae5829368b4a,./bach-bg-orch-1051/midi1/03.mid,concerto grosso,I,Bach,bach-bg-orch-1051-midi1-03
http://purl.org/midi-ld/pattern/d63c8120f8e15378dfecf0ca77ff0b40,?,http://data.doremus.org/expression/0e0b52cf-9108-3567-8c13-3574672018b5,./bach-bg-vocal-0225/midi1/01.mid,motet,V,Bach,bach-bg-vocal-0225-midi1-01
http://purl.org/midi-ld/pattern/2b08adbcaead9835cc1c41b535399451,?,http://data.doremus.org/expression/a986bec7-90a3-305d-977e-077509a130ba,./bach-bg-vocal-0226/midi1/01-02.mid,motet,O+V,Bach,bach-bg-vocal-0226-midi1-01-02
http://purl.org/midi-ld/pattern/c60bd4e034f2371253afb1e148e4f521,?,http://data.doremus.org/expression/a986bec7-90a3-305d-977e-077509a130ba,./bach-bg-vocal-0226/midi1/01-02a.mid,motet,O+V,Bach,bach-bg-vocal-0226-midi1-01-02a
http://purl.org/midi-ld/pattern/0753f458a3dae8ae47e94408a2c7ac6b,?,http://data.doremus.org/expression/1b5caa73-e03a-32e9-97ff-87755aeb5773,./bach-bg-vocal-0227/midi1/08.mid,motet,V,Bach,bach-bg-vocal-0227-midi1-08
http://purl.org/midi-ld/pattern/ea8642035fc0d906091931fb9f9f3ecd,Choral,http://data.doremus.org/expression/1b5caa73-e03a-32e9-97ff-87755aeb5773,./bach-bg-vocal-0227/midi1/10.mid,motet,V,Bach,bach-bg-vocal-0227-midi1-10
http://purl.org/midi-ld/pattern/9eebd5f141e4c62c0fccc3ec2edbb9fe,Choral,http://data.doremus.org/expression/1b5caa73-e03a-32e9-97ff-87755aeb5773,./bach-bg-vocal-0227/midi1/01.mid,motet,V,Bach,bach-bg-vocal-0227-midi1-01
http://purl.org/midi-ld/pattern/63ad1f3d9f096d0bbc1f2e387be11078,?,http://data.doremus.org/expression/1b5caa73-e03a-32e9-97ff-87755aeb5773,./bach-bg-vocal-0227/midi1/02.mid,motet,V,Bach,bach-bg-vocal-0227-midi1-02
http://purl.org/midi-ld/pattern/ca7194d577cd91be7dfa97455a149966,Choral,http://data.doremus.org/expression/1b5caa73-e03a-32e9-97ff-87755aeb5773,./bach-bg-vocal-0227/midi1/03.mid,motet,V,Bach,bach-bg-vocal-0227-midi1-03
http://purl.org/midi-ld/pattern/57efef07fd25306c10700a97e96f3e20,?,http://data.doremus.org/expression/1b5caa73-e03a-32e9-97ff-87755aeb5773,./bach-bg-vocal-0227/midi1/04.mid,motet,V,Bach,bach-bg-vocal-0227-midi1-04
http://purl.org/midi-ld/pattern/0f36154e27f9eb0a69bae0a148d03ead,?,http://data.doremus.org/expression/1b5caa73-e03a-32e9-97ff-87755aeb5773,./bach-bg-vocal-0227/midi1/05.mid,motet,V,Bach,bach-bg-vocal-0227-midi1-05
http://purl.org/midi-ld/pattern/72b3f4882a37b76a4b928937723ffb7e,Choral,http://data.doremus.org/expression/1b5caa73-e03a-32e9-97ff-87755aeb5773,./bach-bg-vocal-0227/midi1/06.mid,motet,V,Bach,bach-bg-vocal-0227-midi1-06
http://purl.org/midi-ld/pattern/6900ea88905cfb62a96f3cc13be289c2,Andante,http://data.doremus.org/expression/1b5caa73-e03a-32e9-97ff-87755aeb5773,./bach-bg-vocal-0227/midi1/07.mid,motet,V,Bach,bach-bg-vocal-0227-midi1-07
http://purl.org/midi-ld/pattern/a11af9e498c2b00e27a55f46fdbdbc16,?,http://data.doremus.org/expression/1b5caa73-e03a-32e9-97ff-87755aeb5773,./bach-bg-vocal-0227/midi1/09.mid,motet,V,Bach,bach-bg-vocal-0227-midi1-09
http://purl.org/midi-ld/pattern/f6981e7f620d240e52240926fe720a76,?,http://data.doremus.org/expression/0f6d204d-3662-3cdc-a4a4-025e09bc0263,./bach-bg-vocal-0228/midi1/01.mid,motet,V,Bach,bach-bg-vocal-0228-midi1-01
http://purl.org/midi-ld/pattern/51cebf35d767301c8c45a656007c22b7,?,http://data.doremus.org/expression/19a865ff-9c37-3170-b3be-79d2fe2fcd55,./bach-bg-vocal-0229/midi1/01-02.mid,motet,V,Bach,bach-bg-vocal-0229-midi1-01-02
http://purl.org/midi-ld/pattern/c621d58b46ee8cb494331f0671c278a8,?,http://data.doremus.org/expression/56180c45-c620-330b-a474-e4a6603b42a8,./bach-bg-vocal-0230/midi1/01.mid,motet,P+V,Bach,bach-bg-vocal-0230-midi1-01
http://purl.org/midi-ld/pattern/d02a4a848858117cbf52ae7e2bd27620,Duetto,http://data.doremus.org/expression/7ea8ced2-9033-342c-8160-ab8e2db8b18a,./bach-bg-vocal-0232/midi1/07-08.mid,mass,?,Bach,bach-bg-vocal-0232-midi1-07-08
http://purl.org/midi-ld/pattern/d3eb41f921276280630f15407108fed4,Aria,http://data.doremus.org/expression/7ea8ced2-9033-342c-8160-ab8e2db8b18a,./bach-bg-vocal-0232/midi1/09.mid,mass,?,Bach,bach-bg-vocal-0232-midi1-09
http://purl.org/midi-ld/pattern/d8de9344b3ce11d34863f23981cda881,Aria,http://data.doremus.org/expression/7ea8ced2-9033-342c-8160-ab8e2db8b18a,./bach-bg-vocal-0232/midi1/10-11.mid,mass,?,Bach,bach-bg-vocal-0232-midi1-10-11
http://purl.org/midi-ld/pattern/c5e4cf8b7d71002c17a0aee100a83f38,Credo,http://data.doremus.org/expression/7ea8ced2-9033-342c-8160-ab8e2db8b18a,./bach-bg-vocal-0232/midi1/12.mid,mass,?,Bach,bach-bg-vocal-0232-midi1-12
http://purl.org/midi-ld/pattern/b1fa5a96ede52655d7092ed04016bd69,Patrem,http://data.doremus.org/expression/7ea8ced2-9033-342c-8160-ab8e2db8b18a,./bach-bg-vocal-0232/midi1/13.mid,mass,?,Bach,bach-bg-vocal-0232-midi1-13
http://purl.org/midi-ld/pattern/0676827a808c61aacde25cc6e188fd4b,Duetto,http://data.doremus.org/expression/7ea8ced2-9033-342c-8160-ab8e2db8b18a,./bach-bg-vocal-0232/midi1/14.mid,mass,?,Bach,bach-bg-vocal-0232-midi1-14
http://purl.org/midi-ld/pattern/19c4f7fe998906c2314b0957f71844f5,Et,http://data.doremus.org/expression/7ea8ced2-9033-342c-8160-ab8e2db8b18a,./bach-bg-vocal-0232/midi1/15.mid,mass,?,Bach,bach-bg-vocal-0232-midi1-15
http://purl.org/midi-ld/pattern/4b06efa24222659b238dad4351c28a72,Crucifixus,http://data.doremus.org/expression/7ea8ced2-9033-342c-8160-ab8e2db8b18a,./bach-bg-vocal-0232/midi1/16.mid,mass,?,Bach,bach-bg-vocal-0232-midi1-16
http://purl.org/midi-ld/pattern/0b6221d53a60c1efaded43101461197d,Et,http://data.doremus.org/expression/7ea8ced2-9033-342c-8160-ab8e2db8b18a,./bach-bg-vocal-0232/midi1/17.mid,mass,?,Bach,bach-bg-vocal-0232-midi1-17
http://purl.org/midi-ld/pattern/68c293d4824d268f2ab5fd521aa96695,Aria,http://data.doremus.org/expression/7ea8ced2-9033-342c-8160-ab8e2db8b18a,./bach-bg-vocal-0232/midi1/18.mid,mass,?,Bach,bach-bg-vocal-0232-midi1-18
http://purl.org/midi-ld/pattern/c9c7d8c4846344336032256421b87dd7,Sanctus,http://data.doremus.org/expression/7ea8ced2-9033-342c-8160-ab8e2db8b18a,./bach-bg-vocal-0232/midi1/19.mid,mass,?,Bach,bach-bg-vocal-0232-midi1-19
http://purl.org/midi-ld/pattern/b83d39e1be21e54a8fde151729443698,Osanna,http://data.doremus.org/expression/7ea8ced2-9033-342c-8160-ab8e2db8b18a,./bach-bg-vocal-0232/midi1/20.mid,mass,?,Bach,bach-bg-vocal-0232-midi1-20
http://purl.org/midi-ld/pattern/223306be2b5c3c630ea9a15a12769ee5,Aria,http://data.doremus.org/expression/7ea8ced2-9033-342c-8160-ab8e2db8b18a,./bach-bg-vocal-0232/midi1/21-22.mid,mass,?,Bach,bach-bg-vocal-0232-midi1-21-22
http://purl.org/midi-ld/pattern/d6dd5ca60d49d3ecd389ae912bceb549,Dona,http://data.doremus.org/expression/7ea8ced2-9033-342c-8160-ab8e2db8b18a,./bach-bg-vocal-0232/midi1/23.mid,mass,?,Bach,bach-bg-vocal-0232-midi1-23
http://purl.org/midi-ld/pattern/348dea71b31b0a4fee6d9fc9ddc45068,?,http://data.doremus.org/expression/7ea8ced2-9033-342c-8160-ab8e2db8b18a,./bach-bg-vocal-0232/midi1/24.mid,mass,?,Bach,bach-bg-vocal-0232-midi1-24
http://purl.org/midi-ld/pattern/d60994d8fb6a4ed0a522604b9a52bad8,Kyrie,http://data.doremus.org/expression/7ea8ced2-9033-342c-8160-ab8e2db8b18a,./bach-bg-vocal-0232/midi1/01.mid,mass,?,Bach,bach-bg-vocal-0232-midi1-01
http://purl.org/midi-ld/pattern/14a8fcb68a96ac31f8452f517d06ddef,Duetto,http://data.doremus.org/expression/7ea8ced2-9033-342c-8160-ab8e2db8b18a,./bach-bg-vocal-0232/midi1/02.mid,mass,?,Bach,bach-bg-vocal-0232-midi1-02
http://purl.org/midi-ld/pattern/d890ec52c683fddce240c2e542dd1848,Kyrie,http://data.doremus.org/expression/7ea8ced2-9033-342c-8160-ab8e2db8b18a,./bach-bg-vocal-0232/midi1/03.mid,mass,?,Bach,bach-bg-vocal-0232-midi1-03
http://purl.org/midi-ld/pattern/dee18f321b9b3145336b3594abc6eb01,Gloria,http://data.doremus.org/expression/7ea8ced2-9033-342c-8160-ab8e2db8b18a,./bach-bg-vocal-0232/midi1/04.mid,mass,?,Bach,bach-bg-vocal-0232-midi1-04
http://purl.org/midi-ld/pattern/f1c75df767e42af72a90352490b68cd8,Aria,http://data.doremus.org/expression/7ea8ced2-9033-342c-8160-ab8e2db8b18a,./bach-bg-vocal-0232/midi1/05.mid,mass,?,Bach,bach-bg-vocal-0232-midi1-05
http://purl.org/midi-ld/pattern/cd184e92a93faf94a798a4bd8776b250,Gratias,http://data.doremus.org/expression/7ea8ced2-9033-342c-8160-ab8e2db8b18a,./bach-bg-vocal-0232/midi1/06.mid,mass,?,Bach,bach-bg-vocal-0232-midi1-06
http://purl.org/midi-ld/pattern/2a04864274989281b5d9f62a69699be0,?,http://data.doremus.org/expression/91d897e6-1675-31e4-bc9f-7879165a8609,./bach-rasmuss-inventio-0772/midi1/01.mid,prelude,P,Bach,bach-rasmuss-inventio-0772-midi1-01
http://purl.org/midi-ld/pattern/afec4488080191df55b0a274ff5755e7,?,http://data.doremus.org/expression/8665e29e-529f-3efc-a5c5-90095b51467d,./bach-rasmuss-inventio-0773/midi1/01.mid,prelude,P,Bach,bach-rasmuss-inventio-0773-midi1-01
http://purl.org/midi-ld/pattern/515bf6e7f46f63293f13d44705353e40,?,http://data.doremus.org/expression/5de12245-c8f7-3767-a65d-499c4929c637,./bach-rasmuss-inventio-0774/midi1/01.mid,prelude,P,Bach,bach-rasmuss-inventio-0774-midi1-01
http://purl.org/midi-ld/pattern/378b1bfde6c9077a8a30eaa1fe6a3a2b,?,http://data.doremus.org/expression/a267ff5c-8717-3e63-9620-eea62a3b7f93,./bach-rasmuss-inventio-0775/midi1/01.mid,prelude,P,Bach,bach-rasmuss-inventio-0775-midi1-01
http://purl.org/midi-ld/pattern/1623d45b488c79eb814503ab4684c8a7,?,http://data.doremus.org/expression/e9d943b3-4329-3564-8a0a-c3c5b559785b,./bach-rasmuss-inventio-0776/midi1/01.mid,prelude,P,Bach,bach-rasmuss-inventio-0776-midi1-01
http://purl.org/midi-ld/pattern/3114ecb9d7ab13541633e0ce6afa9995,?,http://data.doremus.org/expression/4ea86a85-106a-3678-aeab-d394c53ad5a2,./bach-rasmuss-inventio-0777/midi1/01.mid,prelude,P,Bach,bach-rasmuss-inventio-0777-midi1-01
http://purl.org/midi-ld/pattern/13e521f6a63d714d56a77cfe14ac4a60,?,http://data.doremus.org/expression/52186757-306b-3ee0-8f73-d0d861b64fd9,./bach-rasmuss-inventio-0778/midi1/01.mid,prelude,P,Bach,bach-rasmuss-inventio-0778-midi1-01
http://purl.org/midi-ld/pattern/e3cc9d6589f945a1c369524b2ff680ac,?,http://data.doremus.org/expression/391cd062-b95d-3fa3-8993-473c690dd74d,./bach-rasmuss-inventio-0779/midi1/01.mid,prelude,P,Bach,bach-rasmuss-inventio-0779-midi1-01
http://purl.org/midi-ld/pattern/3aa1a9f7f65e8f931aab7b8603d24d3f,?,http://data.doremus.org/expression/894616f5-aad0-396c-8663-f7e7c2d90394,./bach-rasmuss-inventio-0780/midi1/01.mid,prelude,P,Bach,bach-rasmuss-inventio-0780-midi1-01
http://purl.org/midi-ld/pattern/d36aaa6392ef8019cde8aea6823f5ae7,?,http://data.doremus.org/expression/d44a7f73-16ce-361e-93a0-bb63ffe72f7d,./bach-rasmuss-inventio-0781/midi1/01.mid,prelude,P,Bach,bach-rasmuss-inventio-0781-midi1-01
http://purl.org/midi-ld/pattern/dffde7f1f6ae272dfe2cd5bc657e78bc,?,http://data.doremus.org/expression/91de8eaf-552a-30f4-aaf0-4a46db88426d,./bach-rasmuss-inventio-0782/midi1/01.mid,prelude,P,Bach,bach-rasmuss-inventio-0782-midi1-01
http://purl.org/midi-ld/pattern/efc3f6e5ee423016be526cc8ea0ba7b5,?,http://data.doremus.org/expression/7c950d1f-264f-344d-83fa-b1ab528d96d1,./bach-rasmuss-inventio-0783/midi1/01.mid,prelude,P,Bach,bach-rasmuss-inventio-0783-midi1-01
http://purl.org/midi-ld/pattern/459b50d79b8549429d955dfaf34ed17d,?,http://data.doremus.org/expression/88250472-48d7-3e15-b1df-eb8ff8028cb5,./bach-rasmuss-inventio-0784/midi1/01.mid,prelude,P,Bach,bach-rasmuss-inventio-0784-midi1-01
http://purl.org/midi-ld/pattern/75bc11361b1415de1016688d2bfb9f1d,?,http://data.doremus.org/expression/29365ea8-f2ab-3ee8-9a29-e0eadf21498c,./bach-rasmuss-inventio-0785/midi1/01.mid,prelude,P,Bach,bach-rasmuss-inventio-0785-midi1-01
http://purl.org/midi-ld/pattern/28d4c7a91dd09cc83f3b00f26135a2c1,?,http://data.doremus.org/expression/1571583f-eecc-3b89-be41-d56f885a66eb,./bach-rasmuss-inventio-0786/midi1/01.mid,prelude,P,Bach,bach-rasmuss-inventio-0786-midi1-01
http://purl.org/midi-ld/pattern/b6e8ab11cb53afb00abb8ca6722516cb,?,http://data.doremus.org/expression/0db871e3-42ae-3a4d-a6ff-018f0e117211,./bach-rasmuss-sinfonie-0787/midi1/01.mid,symphony,P,Bach,bach-rasmuss-sinfonie-0787-midi1-01
http://purl.org/midi-ld/pattern/040a529e31d8a18b98803e12c4213172,?,http://data.doremus.org/expression/61e29d73-ab70-3120-9dc2-0fde0e7f891e,./bach-rasmuss-sinfonie-0788/midi1/01.mid,symphony,P,Bach,bach-rasmuss-sinfonie-0788-midi1-01
http://purl.org/midi-ld/pattern/eb252eb8d776fd16d30eb2544b6d6404,?,http://data.doremus.org/expression/c3bb94e8-34f1-3dd4-900c-f9a62cf49647,./bach-rasmuss-sinfonie-0789/midi1/01.mid,symphony,P,Bach,bach-rasmuss-sinfonie-0789-midi1-01
http://purl.org/midi-ld/pattern/9a3819c55f77d04143b2e9ecc42a74b0,?,http://data.doremus.org/expression/55b1231b-94a1-3450-a4eb-db682dee12e4,./bach-rasmuss-sinfonie-0790/midi1/01.mid,symphony,P,Bach,bach-rasmuss-sinfonie-0790-midi1-01
http://purl.org/midi-ld/pattern/59497f6689368e9fdf72cabb5785a3bd,?,http://data.doremus.org/expression/539a9081-c9ea-32e4-aa9f-e5dc8603310b,./bach-rasmuss-sinfonie-0791/midi1/01.mid,symphony,P,Bach,bach-rasmuss-sinfonie-0791-midi1-01
http://purl.org/midi-ld/pattern/784831d49780d012fc64cf50cd5ab4f3,?,http://data.doremus.org/expression/d8fb5e7c-e59c-33cc-95f2-6d563a59c2fa,./bach-rasmuss-sinfonie-0792/midi1/01.mid,symphony,P,Bach,bach-rasmuss-sinfonie-0792-midi1-01
http://purl.org/midi-ld/pattern/1e684924b2e840cbf5c650917322bc21,?,http://data.doremus.org/expression/cbd79f43-98db-30ec-b9d6-442d5ae84921,./bach-rasmuss-sinfonie-0793/midi1/01.mid,symphony,P,Bach,bach-rasmuss-sinfonie-0793-midi1-01
http://purl.org/midi-ld/pattern/57df2a81a678253c75e2ee81b3940777,?,http://data.doremus.org/expression/11c62739-2790-3613-b763-06f2a9411af4,./bach-rasmuss-sinfonie-0794/midi1/01.mid,symphony,P,Bach,bach-rasmuss-sinfonie-0794-midi1-01
http://purl.org/midi-ld/pattern/d50c6b062af5b12d450c890a8ce4c110,?,http://data.doremus.org/expression/338c562b-92ae-3018-b047-d56dff8b8247,./bach-rasmuss-sinfonie-0795/midi1/01.mid,symphony,P,Bach,bach-rasmuss-sinfonie-0795-midi1-01
http://purl.org/midi-ld/pattern/abd3249c3829d990e278c22aa5c15218,?,http://data.doremus.org/expression/d463be56-be4f-3e9a-a7ab-90a468c9c922,./bach-rasmuss-sinfonie-0796/midi1/01.mid,symphony,P,Bach,bach-rasmuss-sinfonie-0796-midi1-01
http://purl.org/midi-ld/pattern/35125de70f27cf728a7d7f437c005a4e,?,http://data.doremus.org/expression/d9568ee9-0d02-39f8-9b6c-d295a0c44ee6,./bach-rasmuss-sinfonie-0798/midi1/01.mid,symphony,P,Bach,bach-rasmuss-sinfonie-0798-midi1-01
http://purl.org/midi-ld/pattern/3b866c1c8e48e27c90e8aecdb4c398f6,?,http://data.doremus.org/expression/e417531e-4f53-31e5-accf-e2d24e864422,./bach-rasmuss-sinfonie-0799/midi1/01.mid,symphony,P,Bach,bach-rasmuss-sinfonie-0799-midi1-01
http://purl.org/midi-ld/pattern/fa9c8eafbd36a9597a7dcea87728019c,?,http://data.doremus.org/expression/5f9f1b90-4fa2-38cd-9cbb-a45520aad817,./bach-rasmuss-sinfonie-0800/midi1/01.mid,symphony,P,Bach,bach-rasmuss-sinfonie-0800-midi1-01
http://purl.org/midi-ld/pattern/e1f1b747ba3ac4e2eefff6d4c60eacb4,?,http://data.doremus.org/expression/40c8e4cb-b596-3141-880c-c2e85ea5c8d9,./bach-rasmuss-sinfonie-0801/midi1/01.mid,symphony,P,Bach,bach-rasmuss-sinfonie-0801-midi1-01
http://purl.org/midi-ld/pattern/645da181806e3547da35ad2b71b3e2d0,Allegro,http://data.doremus.org/expression/2fc932f7-35ea-3cb9-b970-9313ca376e81,./beet-bh-conc-piano2/midi1/01.mid,concerto,O+S,Beethoven,beet-bh-conc-piano2-midi1-01
http://purl.org/midi-ld/pattern/489fa4cb38e37263530a44e42f4eee87,Adagio,http://data.doremus.org/expression/2fc932f7-35ea-3cb9-b970-9313ca376e81,./beet-bh-conc-piano2/midi1/02.mid,concerto,O+S,Beethoven,beet-bh-conc-piano2-midi1-02
http://purl.org/midi-ld/pattern/f3ced9bdaaa40dd5588596f7178c6120,Rondeau,http://data.doremus.org/expression/2fc932f7-35ea-3cb9-b970-9313ca376e81,./beet-bh-conc-piano2/midi1/03.mid,concerto,O+S,Beethoven,beet-bh-conc-piano2-midi1-03
http://purl.org/midi-ld/pattern/b6a24a0e1f276a1c3e352957f6ddf83c,?,http://data.doremus.org/expression/b9c0feed-8c3f-3bfc-8919-0f900bdc34ba,./beet-bh-conc-violin/midi1/01.mid,concerto,O+S,Beethoven,beet-bh-conc-violin-midi1-01
http://purl.org/midi-ld/pattern/cf99fafc3ca77b90f638aa79681ab4f2,?,http://data.doremus.org/expression/b9c0feed-8c3f-3bfc-8919-0f900bdc34ba,./beet-bh-conc-violin/midi1/02.mid,concerto,O+S,Beethoven,beet-bh-conc-violin-midi1-02
http://purl.org/midi-ld/pattern/c65cfdc7ed29deae0b7fc8d941343ced,?,http://data.doremus.org/expression/b9c0feed-8c3f-3bfc-8919-0f900bdc34ba,./beet-bh-conc-violin/midi1/03.mid,concerto,O+S,Beethoven,beet-bh-conc-violin-midi1-03
http://purl.org/midi-ld/pattern/d1ea599822900d30f79fc9b8e91957f9,?,http://data.doremus.org/expression/ce2be9cf-17c7-33fa-8e98-93b969795b74,./beet-bh-sym-no5/midi1/.03.mid,symphony,O,Beethoven,beet-bh-sym-no5-midi1-.03
http://purl.org/midi-ld/pattern/2be2eaf08d23beee541393da342255dd,Allegro,http://data.doremus.org/expression/ce2be9cf-17c7-33fa-8e98-93b969795b74,./beet-bh-sym-no5/midi1/01.mid,symphony,O,Beethoven,beet-bh-sym-no5-midi1-01
http://purl.org/midi-ld/pattern/d1d415a0f614f1835e74989536193a69,Andante,http://data.doremus.org/expression/ce2be9cf-17c7-33fa-8e98-93b969795b74,./beet-bh-sym-no5/midi1/02.mid,symphony,O,Beethoven,beet-bh-sym-no5-midi1-02
http://purl.org/midi-ld/pattern/7a6e0863caf80b1f932bbd8249c9be91,Scherzo,http://data.doremus.org/expression/ce2be9cf-17c7-33fa-8e98-93b969795b74,./beet-bh-sym-no5/midi1/03-04.mid,symphony,O,Beethoven,beet-bh-sym-no5-midi1-03-04
http://purl.org/midi-ld/pattern/eeca69c43ace6de3183842570f9718b1,Allegro,http://data.doremus.org/expression/7fa08715-a9b4-3370-83c7-8998633eca12,./haydn-bh-sym-s-001/midi1/01.mid,symphony,O,Haydn,haydn-bh-sym-s-001-midi1-01
http://purl.org/midi-ld/pattern/ce0961ee165f268d15fdece535ce0a48,Andante,http://data.doremus.org/expression/7fa08715-a9b4-3370-83c7-8998633eca12,./haydn-bh-sym-s-001/midi1/02.mid,symphony,O,Haydn,haydn-bh-sym-s-001-midi1-02
http://purl.org/midi-ld/pattern/2c5b5f9c4985077c0bb008420f661cb0,Allegro,http://data.doremus.org/expression/7fa08715-a9b4-3370-83c7-8998633eca12,./haydn-bh-sym-s-001/midi1/03.mid,symphony,O,Haydn,haydn-bh-sym-s-001-midi1-03
http://purl.org/midi-ld/pattern/6cce1475e9f3c351723631eb9f529419,Allegro,http://data.doremus.org/expression/81df0d0f-f287-37bc-a5a2-177cad55734f,./haydn-eulen-quart-op54n2/midi1/01.mid,symphony,O,Haydn,haydn-eulen-quart-op54n2-midi1-01
http://purl.org/midi-ld/pattern/d4d35797f1471f8bd60114ea1f9e3374,Adagio,http://data.doremus.org/expression/81df0d0f-f287-37bc-a5a2-177cad55734f,./haydn-eulen-quart-op54n2/midi1/02.mid,symphony,O,Haydn,haydn-eulen-quart-op54n2-midi1-02
http://purl.org/midi-ld/pattern/397ab98d129ede2455d169e1a46409d1,Minuetto,http://data.doremus.org/expression/81df0d0f-f287-37bc-a5a2-177cad55734f,./haydn-eulen-quart-op54n2/midi1/03.mid,symphony,O,Haydn,haydn-eulen-quart-op54n2-midi1-03
http://purl.org/midi-ld/pattern/6cd992ad71467c2db4eb407e30fdad3a,Finale,http://data.doremus.org/expression/81df0d0f-f287-37bc-a5a2-177cad55734f,./haydn-eulen-quart-op54n2/midi1/04.mid,symphony,O,Haydn,haydn-eulen-quart-op54n2-midi1-04
http://purl.org/midi-ld/pattern/8744dd7791f35ffa85adb30d167d41a6,Allegro,http://data.doremus.org/expression/30aca7f5-6d18-3468-8ade-3ddbf3dc11aa,./haydn-eulen-sym-s-099/midi1/01.mid,symphony,O,Haydn,haydn-eulen-sym-s-099-midi1-01
http://purl.org/midi-ld/pattern/df6b4c93b68058f3083860b87551743d,Adagio,http://data.doremus.org/expression/30aca7f5-6d18-3468-8ade-3ddbf3dc11aa,./haydn-eulen-sym-s-099/midi1/02.mid,symphony,O,Haydn,haydn-eulen-sym-s-099-midi1-02
http://purl.org/midi-ld/pattern/485c8ef24c2bb639e34b69eeabec13b1,Minuetto,http://data.doremus.org/expression/30aca7f5-6d18-3468-8ade-3ddbf3dc11aa,./haydn-eulen-sym-s-099/midi1/03.mid,symphony,O,Haydn,haydn-eulen-sym-s-099-midi1-03
http://purl.org/midi-ld/pattern/baadb862198148f65950713dcf6bc57c,Finale,http://data.doremus.org/expression/30aca7f5-6d18-3468-8ade-3ddbf3dc11aa,./haydn-eulen-sym-s-099/midi1/04.mid,symphony,O,Haydn,haydn-eulen-sym-s-099-midi1-04
http://purl.org/midi-ld/pattern/d79854215466b022f45856eff6a467ce,Allegro,http://data.doremus.org/expression/ddae0854-5bb4-381b-91f1-d73f4b7022eb,./haydn-eulen-sym-s-100/midi1/01.mid,symphony,O,Haydn,haydn-eulen-sym-s-100-midi1-01
http://purl.org/midi-ld/pattern/45e6edb082d209b00a4ebefe810e3f82,Allegro,http://data.doremus.org/expression/ddae0854-5bb4-381b-91f1-d73f4b7022eb,./haydn-eulen-sym-s-100/midi1/02.mid,symphony,O,Haydn,haydn-eulen-sym-s-100-midi1-02
http://purl.org/midi-ld/pattern/7ccfa70f9fc1b941466d8c713acab246,Menuet,http://data.doremus.org/expression/ddae0854-5bb4-381b-91f1-d73f4b7022eb,./haydn-eulen-sym-s-100/midi1/03.mid,symphony,O,Haydn,haydn-eulen-sym-s-100-midi1-03
http://purl.org/midi-ld/pattern/879854dfbba03a170d12d47e3fd24d57,Allegro,http://data.doremus.org/expression/ddae0854-5bb4-381b-91f1-d73f4b7022eb,./haydn-eulen-sym-s-100/midi1/04.mid,symphony,O,Haydn,haydn-eulen-sym-s-100-midi1-04
http://purl.org/midi-ld/pattern/91d1edb146053ccab59a981789c6388e,Allegro,http://data.doremus.org/expression/aa66bb9c-5858-3533-b3e9-b40c7053914e,./haydn-eulen-sym-s-101/midi1/01.mid,symphony,O,Haydn,haydn-eulen-sym-s-101-midi1-01
http://purl.org/midi-ld/pattern/ce059aff57715bd7331a9e4061002955,Andante,http://data.doremus.org/expression/aa66bb9c-5858-3533-b3e9-b40c7053914e,./haydn-eulen-sym-s-101/midi1/02.mid,symphony,O,Haydn,haydn-eulen-sym-s-101-midi1-02
http://purl.org/midi-ld/pattern/c2909155e705e1492ab6df85356e31b8,Minuetto,http://data.doremus.org/expression/aa66bb9c-5858-3533-b3e9-b40c7053914e,./haydn-eulen-sym-s-101/midi1/03.mid,symphony,O,Haydn,haydn-eulen-sym-s-101-midi1-03
http://purl.org/midi-ld/pattern/66fcbbbf37f7dc5c319b03f995a08e82,Allegro,http://data.doremus.org/expression/aa66bb9c-5858-3533-b3e9-b40c7053914e,./haydn-eulen-sym-s-101/midi1/04.mid,symphony,O,Haydn,haydn-eulen-sym-s-101-midi1-04
http://purl.org/midi-ld/pattern/c86bff6836dc685ce471cb69b1b83aa5,Allegro,http://data.doremus.org/expression/23be4d15-f9e4-3b55-80c4-43d88aea33c7,./haydn-eulen-sym-s-102/midi1/01.mid,symphony,O,Haydn,haydn-eulen-sym-s-102-midi1-01
http://purl.org/midi-ld/pattern/f25d727a77079bd79add81f564822c82,Adagio,http://data.doremus.org/expression/23be4d15-f9e4-3b55-80c4-43d88aea33c7,./haydn-eulen-sym-s-102/midi1/02.mid,symphony,O,Haydn,haydn-eulen-sym-s-102-midi1-02
http://purl.org/midi-ld/pattern/9179bc01376c1a77a55f544d3dae2125,Minuetto,http://data.doremus.org/expression/23be4d15-f9e4-3b55-80c4-43d88aea33c7,./haydn-eulen-sym-s-102/midi1/03.mid,symphony,O,Haydn,haydn-eulen-sym-s-102-midi1-03
http://purl.org/midi-ld/pattern/fd36b653fff6186565c841ce9155c561,Allegro,http://data.doremus.org/expression/23be4d15-f9e4-3b55-80c4-43d88aea33c7,./haydn-eulen-sym-s-102/midi1/04.mid,symphony,O,Haydn,haydn-eulen-sym-s-102-midi1-04
http://purl.org/midi-ld/pattern/b030aec6317820f786c5d2a5545ec29d,Allegro,http://data.doremus.org/expression/27874330-bd86-3099-9640-a41bc9596198,./haydn-eulen-sym-s-103/midi1/01.mid,symphony,O,Haydn,haydn-eulen-sym-s-103-midi1-01
http://purl.org/midi-ld/pattern/6209f773629206288f76ffb358a97bf3,Andante,http://data.doremus.org/expression/27874330-bd86-3099-9640-a41bc9596198,./haydn-eulen-sym-s-103/midi1/02.mid,symphony,O,Haydn,haydn-eulen-sym-s-103-midi1-02
http://purl.org/midi-ld/pattern/4fd5f273467e53d7ce0f44f1a2b3cf60,Minuetto,http://data.doremus.org/expression/27874330-bd86-3099-9640-a41bc9596198,./haydn-eulen-sym-s-103/midi1/03.mid,symphony,O,Haydn,haydn-eulen-sym-s-103-midi1-03
http://purl.org/midi-ld/pattern/9d983a4e36448194f994b3d193f04a01,Finale,http://data.doremus.org/expression/27874330-bd86-3099-9640-a41bc9596198,./haydn-eulen-sym-s-103/midi1/04.mid,symphony,O,Haydn,haydn-eulen-sym-s-103-midi1-04
http://purl.org/midi-ld/pattern/098e08a91f5c69d72345bb4f3860dcbb,Allegro,http://data.doremus.org/expression/c97d4dd0-f16c-3353-b34e-718c886f5f02,./haydn-eulen-sym-s-104/midi1/01.mid,symphony,O,Haydn,haydn-eulen-sym-s-104-midi1-01
http://purl.org/midi-ld/pattern/8bdd2b4bc228e0a52be51c1b07da73a2,Andante,http://data.doremus.org/expression/c97d4dd0-f16c-3353-b34e-718c886f5f02,./haydn-eulen-sym-s-104/midi1/02.mid,symphony,O,Haydn,haydn-eulen-sym-s-104-midi1-02
http://purl.org/midi-ld/pattern/6ba864d0ed3b9fce79afda906fedadd0,Minuetto,http://data.doremus.org/expression/c97d4dd0-f16c-3353-b34e-718c886f5f02,./haydn-eulen-sym-s-104/midi1/03.mid,symphony,O,Haydn,haydn-eulen-sym-s-104-midi1-03
http://purl.org/midi-ld/pattern/3fe711aeadd11e955c91a1df207e1b40,Spiritoso,http://data.doremus.org/expression/c97d4dd0-f16c-3353-b34e-718c886f5f02,./haydn-eulen-sym-s-104/midi1/04.mid,symphony,O,Haydn,haydn-eulen-sym-s-104-midi1-04
http://purl.org/midi-ld/pattern/4cc100e69fe2c205c6b0592d2e4c3ae9,Allegro,http://data.doremus.org/expression/625839dd-69f5-3662-bf67-683a6e0a6e28,./mozart-bh-conc-k450/midi1/01.mid,concerto,O+S,Mozart,mozart-bh-conc-k450-midi1-01
http://purl.org/midi-ld/pattern/6e3819833d4be04428e0c3967aef78d5,Andante,http://data.doremus.org/expression/625839dd-69f5-3662-bf67-683a6e0a6e28,./mozart-bh-conc-k450/midi1/02.mid,concerto,O+S,Mozart,mozart-bh-conc-k450-midi1-02
http://purl.org/midi-ld/pattern/35e93a6a84ba7ff02bb086c38bdd02a5,Allegro,http://data.doremus.org/expression/625839dd-69f5-3662-bf67-683a6e0a6e28,./mozart-bh-conc-k450/midi1/03.mid,concerto,O+S,Mozart,mozart-bh-conc-k450-midi1-03
http://purl.org/midi-ld/pattern/b405c5c247a8f396a0460888fa3a6a44,Allegro,http://data.doremus.org/expression/0d2750de-7dc1-3acf-9114-67987634752e,./mozart-bh-conc-k453/midi1/01.mid,concerto,O+S,Mozart,mozart-bh-conc-k453-midi1-01
http://purl.org/midi-ld/pattern/baa86d8e15ee0b6421499d187722aa0c,Andante,http://data.doremus.org/expression/0d2750de-7dc1-3acf-9114-67987634752e,./mozart-bh-conc-k453/midi1/02.mid,concerto,O+S,Mozart,mozart-bh-conc-k453-midi1-02
http://purl.org/midi-ld/pattern/631154ab86fa5b6ae1e3510db40a2fb6,Allegro,http://data.doremus.org/expression/0d2750de-7dc1-3acf-9114-67987634752e,./mozart-bh-conc-k453/midi1/03.mid,concerto,O+S,Mozart,mozart-bh-conc-k453-midi1-03
http://purl.org/midi-ld/pattern/e2dbe3eec1a6f1122bc4b8e5e53bed60,Allegro,http://data.doremus.org/expression/1788400c-f40c-3740-a54c-50160fd147a5,./mozart-bh-conc-k459/midi1/01.mid,concerto,O+S,Mozart,mozart-bh-conc-k459-midi1-01
http://purl.org/midi-ld/pattern/43ad3d5b9357562ff8bb825a1443c92d,Allegro,http://data.doremus.org/expression/1788400c-f40c-3740-a54c-50160fd147a5,./mozart-bh-conc-k459/midi1/02.mid,concerto,O+S,Mozart,mozart-bh-conc-k459-midi1-02
http://purl.org/midi-ld/pattern/dbb15367a74eafdba775ec3db62ce9a6,Allegro,http://data.doremus.org/expression/1788400c-f40c-3740-a54c-50160fd147a5,./mozart-bh-conc-k459/midi1/03.mid,concerto,O+S,Mozart,mozart-bh-conc-k459-midi1-03
http://purl.org/midi-ld/pattern/50be6b4306a8685f97032667c88bca31,Allegro,http://data.doremus.org/expression/7cbde500-00cc-3233-be70-34bb63c2e2eb,./mozart-bh-conc-k466/midi1/01.mid,concerto,O+S,Mozart,mozart-bh-conc-k466-midi1-01
http://purl.org/midi-ld/pattern/da590dd96bc74496dfc6b56e2e0d4961,Romanze,http://data.doremus.org/expression/7cbde500-00cc-3233-be70-34bb63c2e2eb,./mozart-bh-conc-k466/midi1/02.mid,concerto,O+S,Mozart,mozart-bh-conc-k466-midi1-02
http://purl.org/midi-ld/pattern/220804009c0e403f7f184d6209957de5,Rondeau,http://data.doremus.org/expression/7cbde500-00cc-3233-be70-34bb63c2e2eb,./mozart-bh-conc-k466/midi1/03.mid,concerto,O+S,Mozart,mozart-bh-conc-k466-midi1-03
http://purl.org/midi-ld/pattern/eb95782e34464e941daf343c9ac22bad,Adagio,http://data.doremus.org/expression/8da713db-2735-34df-9689-49ce83cb9b3b,./mozart-bh-conc-k622/midi1/02.mid,concerto,O+S,Mozart,mozart-bh-conc-k622-midi1-02
http://purl.org/midi-ld/pattern/24de38e37da87d87abac5748cd83e808,Rondeau,http://data.doremus.org/expression/8da713db-2735-34df-9689-49ce83cb9b3b,./mozart-bh-conc-k622/midi1/03.mid,concerto,O+S,Mozart,mozart-bh-conc-k622-midi1-03
http://purl.org/midi-ld/pattern/3de3fa299ffcd2ebf2726ac61d5661ac,Allegro,http://data.doremus.org/expression/8da713db-2735-34df-9689-49ce83cb9b3b,./mozart-bh-conc-k622/midi1/01.mid,concerto,O+S,Mozart,mozart-bh-conc-k622-midi1-01
http://purl.org/midi-ld/pattern/dc0f0a4ac485501cca4a18f8ea26cd8d,Allegro,http://data.doremus.org/expression/5de5a77c-d1b0-33d1-aa14-4892120ab228,./mozart-bh-duos-k423/midi1/01.mid,duo,I,Mozart,mozart-bh-duos-k423-midi1-01
http://purl.org/midi-ld/pattern/7427334a1282dce5a4aa5e1f8caad4d0,Adagio,http://data.doremus.org/expression/5de5a77c-d1b0-33d1-aa14-4892120ab228,./mozart-bh-duos-k423/midi1/02.mid,duo,I,Mozart,mozart-bh-duos-k423-midi1-02
http://purl.org/midi-ld/pattern/4f39727556ec3c424f27c5a4a33ebd6d,Rondeau,http://data.doremus.org/expression/5de5a77c-d1b0-33d1-aa14-4892120ab228,./mozart-bh-duos-k423/midi1/03.mid,duo,I,Mozart,mozart-bh-duos-k423-midi1-03
http://purl.org/midi-ld/pattern/e565f5176c430308c8bea0595aef9816,Allegro,http://data.doremus.org/expression/e4e2b264-b07f-3c38-ba51-29152db008f7,./mozart-bh-duos-k424/midi1/01.mid,duo,I,Mozart,mozart-bh-duos-k424-midi1-01
http://purl.org/midi-ld/pattern/e714838f5797dc518d7a1e79f26e3604,Andante,http://data.doremus.org/expression/e4e2b264-b07f-3c38-ba51-29152db008f7,./mozart-bh-duos-k424/midi1/02.mid,duo,I,Mozart,mozart-bh-duos-k424-midi1-02
http://purl.org/midi-ld/pattern/5cc5e60e1652970becbe7f5ed16e9585,Andante,http://data.doremus.org/expression/e4e2b264-b07f-3c38-ba51-29152db008f7,./mozart-bh-duos-k424/midi1/03.mid,duo,I,Mozart,mozart-bh-duos-k424-midi1-03
http://purl.org/midi-ld/pattern/ebebe91355f4e590408482e7cf572c3e,Andante,http://data.doremus.org/expression/d7bc49e6-d3c4-3508-96b2-c83f02961c79,./mozart-bh-duos-k487/midi1/01.mid,duo,I,Mozart,mozart-bh-duos-k487-midi1-01
http://purl.org/midi-ld/pattern/09940d7c0d0e2fd21ef1161a1f11f9eb,Allegro,http://data.doremus.org/expression/d7bc49e6-d3c4-3508-96b2-c83f02961c79,./mozart-bh-duos-k487/midi1/02.mid,duo,I,Mozart,mozart-bh-duos-k487-midi1-02
http://purl.org/midi-ld/pattern/13deb502f5475b33808be78ab581d1b6,Minuetto,http://data.doremus.org/expression/d7bc49e6-d3c4-3508-96b2-c83f02961c79,./mozart-bh-duos-k487/midi1/03.mid,duo,I,Mozart,mozart-bh-duos-k487-midi1-03
http://purl.org/midi-ld/pattern/d8e45ef32d42bcf032443a6ab2ecb64c,Adagio,http://data.doremus.org/expression/25d53763-99f4-38f1-884f-325c0a8269fd,./mozart-bh-qrtets-k080/midi1/01.mid,quartet,I,Mozart,mozart-bh-qrtets-k080-midi1-01
http://purl.org/midi-ld/pattern/55455cf596eaec16be14f98455200c18,Allegro,http://data.doremus.org/expression/25d53763-99f4-38f1-884f-325c0a8269fd,./mozart-bh-qrtets-k080/midi1/02.mid,quartet,I,Mozart,mozart-bh-qrtets-k080-midi1-02
http://purl.org/midi-ld/pattern/58aca2a6f6560db298a7344d05ba07e4,Minuetto,http://data.doremus.org/expression/25d53763-99f4-38f1-884f-325c0a8269fd,./mozart-bh-qrtets-k080/midi1/03.mid,quartet,I,Mozart,mozart-bh-qrtets-k080-midi1-03
http://purl.org/midi-ld/pattern/d9922b2fed6464a1d3f2eae9ba5e7a4d,Rondeau,http://data.doremus.org/expression/25d53763-99f4-38f1-884f-325c0a8269fd,./mozart-bh-qrtets-k080/midi1/04.mid,quartet,I,Mozart,mozart-bh-qrtets-k080-midi1-04
http://purl.org/midi-ld/pattern/7a1209683b7cf407cb908708995c9771,Allegro,http://data.doremus.org/expression/094e3dd1-a739-338d-a08f-defe07267a8d,./mozart-bh-qrtets-k155/midi1/01.mid,quartet,I,Mozart,mozart-bh-qrtets-k155-midi1-01
http://purl.org/midi-ld/pattern/64dccb25d70d4db88283a0b5b826c268,Andante,http://data.doremus.org/expression/094e3dd1-a739-338d-a08f-defe07267a8d,./mozart-bh-qrtets-k155/midi1/02.mid,quartet,I,Mozart,mozart-bh-qrtets-k155-midi1-02
http://purl.org/midi-ld/pattern/2fed164f7b0249187bea601992e88e31,Allegro,http://data.doremus.org/expression/094e3dd1-a739-338d-a08f-defe07267a8d,./mozart-bh-qrtets-k155/midi1/03.mid,quartet,I,Mozart,mozart-bh-qrtets-k155-midi1-03
http://purl.org/midi-ld/pattern/ad2c38695b86294fe14dea43f1919d8f,Allegro,http://data.doremus.org/expression/fd0da1c2-1fb6-3cdd-a41a-b67bbf7f75f4,./mozart-bh-qrtets-k156/midi1/01.mid,quartet,I,Mozart,mozart-bh-qrtets-k156-midi1-01
http://purl.org/midi-ld/pattern/11583e08f619d93baa4353f73c690d82,Adagio,http://data.doremus.org/expression/fd0da1c2-1fb6-3cdd-a41a-b67bbf7f75f4,./mozart-bh-qrtets-k156/midi1/02.mid,quartet,I,Mozart,mozart-bh-qrtets-k156-midi1-02
http://purl.org/midi-ld/pattern/a848f25a5faa7d685b1c521e52ccaa63,Minuetto,http://data.doremus.org/expression/fd0da1c2-1fb6-3cdd-a41a-b67bbf7f75f4,./mozart-bh-qrtets-k156/midi1/03.mid,quartet,I,Mozart,mozart-bh-qrtets-k156-midi1-03
http://purl.org/midi-ld/pattern/a70ee889a2210dbf17583a5c1aef6ba7,?,http://data.doremus.org/expression/dc3e632a-216a-3571-bfd7-65b30ace2a4c,./mozart-bh-qrtets-k157/midi1/01.mid,quartet,I,Mozart,mozart-bh-qrtets-k157-midi1-01
http://purl.org/midi-ld/pattern/6dcb397b0bfaa0ecc6e88b8acc66e362,Andante,http://data.doremus.org/expression/dc3e632a-216a-3571-bfd7-65b30ace2a4c,./mozart-bh-qrtets-k157/midi1/02.mid,quartet,I,Mozart,mozart-bh-qrtets-k157-midi1-02
http://purl.org/midi-ld/pattern/52a06c1ec002ae46061fac5b68426933,Allegro,http://data.doremus.org/expression/dc3e632a-216a-3571-bfd7-65b30ace2a4c,./mozart-bh-qrtets-k157/midi1/03.mid,quartet,I,Mozart,mozart-bh-qrtets-k157-midi1-03
http://purl.org/midi-ld/pattern/5e3fab41e3f91613984292709f4d13be,Allegro,http://data.doremus.org/expression/1d80ef33-e2b4-38ea-90bc-354b81e5f4ec,./mozart-bh-qrtets-k158/midi1/01.mid,quartet,I,Mozart,mozart-bh-qrtets-k158-midi1-01
http://purl.org/midi-ld/pattern/3e91e67262aa5de5fe31f1c61bbc1dbb,Allegro,http://data.doremus.org/expression/1d80ef33-e2b4-38ea-90bc-354b81e5f4ec,./mozart-bh-qrtets-k158/midi1/02.mid,quartet,I,Mozart,mozart-bh-qrtets-k158-midi1-02
http://purl.org/midi-ld/pattern/3c50ce9970ee3e3641bcbced3b6c4411,Minuetto,http://data.doremus.org/expression/1d80ef33-e2b4-38ea-90bc-354b81e5f4ec,./mozart-bh-qrtets-k158/midi1/03.mid,quartet,I,Mozart,mozart-bh-qrtets-k158-midi1-03
http://purl.org/midi-ld/pattern/20098b49f3ff880fa2fb0ba7182cf497,Andante,http://data.doremus.org/expression/a03d436d-4d99-3200-bed5-1c8608a083fa,./mozart-bh-qrtets-k159/midi1/01.mid,quartet,I,Mozart,mozart-bh-qrtets-k159-midi1-01
http://purl.org/midi-ld/pattern/fb3245632fff27e27b1f616e14531e8e,Allegro,http://data.doremus.org/expression/a03d436d-4d99-3200-bed5-1c8608a083fa,./mozart-bh-qrtets-k159/midi1/02.mid,quartet,I,Mozart,mozart-bh-qrtets-k159-midi1-02
http://purl.org/midi-ld/pattern/548a042649762ecee0fb4a4e7994b5be,Rondeau,http://data.doremus.org/expression/a03d436d-4d99-3200-bed5-1c8608a083fa,./mozart-bh-qrtets-k159/midi1/03.mid,quartet,I,Mozart,mozart-bh-qrtets-k159-midi1-03
http://purl.org/midi-ld/pattern/1ae5f756c70127afe6869bc823e9ba11,Allegro,http://data.doremus.org/expression/a1271f06-ebaf-369a-8f0a-d42fb0433df4,./mozart-bh-qrtets-k160/midi1/01.mid,quartet,I,Mozart,mozart-bh-qrtets-k160-midi1-01
http://purl.org/midi-ld/pattern/ff7da4a4db2d1b425af1f6f133f1070d,Adagio,http://data.doremus.org/expression/a1271f06-ebaf-369a-8f0a-d42fb0433df4,./mozart-bh-qrtets-k160/midi1/02.mid,quartet,I,Mozart,mozart-bh-qrtets-k160-midi1-02
http://purl.org/midi-ld/pattern/36e9b4f0b16d7693728b15d7a89f7a22,Allegro,http://data.doremus.org/expression/a1271f06-ebaf-369a-8f0a-d42fb0433df4,./mozart-bh-qrtets-k160/midi1/03.mid,quartet,I,Mozart,mozart-bh-qrtets-k160-midi1-03
http://purl.org/midi-ld/pattern/ab717be4ac0ae14415ebfcec5fb46507,Allegro,http://data.doremus.org/expression/fd6230d4-1713-3ae5-99c2-871d1b118599,./mozart-bh-sym-k385/midi1/01.mid,symphony,O,Mozart,mozart-bh-sym-k385-midi1-01
http://purl.org/midi-ld/pattern/4ae10f4c91312f95b9e85296508c4f57,Andante,http://data.doremus.org/expression/fd6230d4-1713-3ae5-99c2-871d1b118599,./mozart-bh-sym-k385/midi1/02.mid,symphony,O,Mozart,mozart-bh-sym-k385-midi1-02
http://purl.org/midi-ld/pattern/389a49bd0188034b26ea7a4cdde8fbab,Minuetto,http://data.doremus.org/expression/fd6230d4-1713-3ae5-99c2-871d1b118599,./mozart-bh-sym-k385/midi1/03.mid,symphony,O,Mozart,mozart-bh-sym-k385-midi1-03
http://purl.org/midi-ld/pattern/f34b735b443b927f878c6a1eb24d8d01,Allegro,http://data.doremus.org/expression/fd6230d4-1713-3ae5-99c2-871d1b118599,./mozart-bh-sym-k385/midi1/04.mid,symphony,O,Mozart,mozart-bh-sym-k385-midi1-04
http://purl.org/midi-ld/pattern/a761834652c5ed9174d13564c0232fef,Allegro,http://data.doremus.org/expression/9a84e2e3-6ac3-3620-95bc-77b399bb837e,./mozart-bh-sym-k504/midi1/01.mid,symphony,O,Mozart,mozart-bh-sym-k504-midi1-01
http://purl.org/midi-ld/pattern/9733c737ea87e50ab52ed7dc41ab3c60,Andante,http://data.doremus.org/expression/9a84e2e3-6ac3-3620-95bc-77b399bb837e,./mozart-bh-sym-k504/midi1/02.mid,symphony,O,Mozart,mozart-bh-sym-k504-midi1-02
http://purl.org/midi-ld/pattern/32d2f232f040475c2029c12bf1d872ec,Allegro,http://data.doremus.org/expression/9a84e2e3-6ac3-3620-95bc-77b399bb837e,./mozart-bh-sym-k504/midi1/03.mid,symphony,O,Mozart,mozart-bh-sym-k504-midi1-03
http://purl.org/midi-ld/pattern/2bedf0a2ff1226153328b2f80243b09e,Allegro,http://data.doremus.org/expression/6c52936c-9ec7-3e9c-be1c-ca56f9e2a2bb,./mozart-bh-sym-k543/midi1/01.mid,symphony,O,Mozart,mozart-bh-sym-k543-midi1-01
http://purl.org/midi-ld/pattern/3f111622432843eb2a8b34c3128665ce,Andante,http://data.doremus.org/expression/6c52936c-9ec7-3e9c-be1c-ca56f9e2a2bb,./mozart-bh-sym-k543/midi1/02.mid,symphony,O,Mozart,mozart-bh-sym-k543-midi1-02
http://purl.org/midi-ld/pattern/c6b309371c979ced220747ce1cb74263,Minuetto,http://data.doremus.org/expression/6c52936c-9ec7-3e9c-be1c-ca56f9e2a2bb,./mozart-bh-sym-k543/midi1/03.mid,symphony,O,Mozart,mozart-bh-sym-k543-midi1-03
http://purl.org/midi-ld/pattern/25e8b9bb18dab34598da7c92d3c6d853,Finale,http://data.doremus.org/expression/6c52936c-9ec7-3e9c-be1c-ca56f9e2a2bb,./mozart-bh-sym-k543/midi1/04.mid,symphony,O,Mozart,mozart-bh-sym-k543-midi1-04
http://purl.org/midi-ld/pattern/180f738394b7353ea9385dd75ccb02ea,Allegro,http://data.doremus.org/expression/edcdbd96-40e1-3f13-9365-462bba6d5027,./mozart-bh-sym-k550/midi1/01.mid,symphony,O,Mozart,mozart-bh-sym-k550-midi1-01
http://purl.org/midi-ld/pattern/87ae002693873fa4abeaf1763a119fd1,Andante,http://data.doremus.org/expression/edcdbd96-40e1-3f13-9365-462bba6d5027,./mozart-bh-sym-k550/midi1/02.mid,symphony,O,Mozart,mozart-bh-sym-k550-midi1-02
http://purl.org/midi-ld/pattern/bd7ad0a9830ea7a681a7b0768afdd6b6,Minuetto,http://data.doremus.org/expression/edcdbd96-40e1-3f13-9365-462bba6d5027,./mozart-bh-sym-k550/midi1/03.mid,symphony,O,Mozart,mozart-bh-sym-k550-midi1-03
http://purl.org/midi-ld/pattern/02baef9e322c90a134f0ff1b92e1b0d5,Allegro,http://data.doremus.org/expression/edcdbd96-40e1-3f13-9365-462bba6d5027,./mozart-bh-sym-k550/midi1/04.mid,symphony,O,Mozart,mozart-bh-sym-k550-midi1-04
http://purl.org/midi-ld/pattern/7202f602900f3f8fdb89219e1a57237a,Allegro,http://data.doremus.org/expression/8ea1fb3b-01a5-3af8-a049-1ee794bc5f41,./mozart-bh-sym-k551/midi1/01.mid,symphony,O,Mozart,mozart-bh-sym-k551-midi1-01
http://purl.org/midi-ld/pattern/12cb7a4111f7f91d32715ce324f512d0,Andante,http://data.doremus.org/expression/8ea1fb3b-01a5-3af8-a049-1ee794bc5f41,./mozart-bh-sym-k551/midi1/02.mid,symphony,O,Mozart,mozart-bh-sym-k551-midi1-02
http://purl.org/midi-ld/pattern/5d63e71f4a021d99fe55bad18e442745,Minuetto,http://data.doremus.org/expression/8ea1fb3b-01a5-3af8-a049-1ee794bc5f41,./mozart-bh-sym-k551/midi1/03.mid,symphony,O,Mozart,mozart-bh-sym-k551-midi1-03
http://purl.org/midi-ld/pattern/984d7e6eb835e61a70b938dd749ede2e,Allegro,http://data.doremus.org/expression/8ea1fb3b-01a5-3af8-a049-1ee794bc5f41,./mozart-bh-sym-k551/midi1/04.mid,symphony,O,Mozart,mozart-bh-sym-k551-midi1-04
